platform,title,url,cover_url,author,published_at,like_count,comment_count,collect_count,share_count,description,source
douyin,《Unreal》| 一个怪谈亲历者的倒霉实录 怪谈是真的… 而第一个发现这件事的人，是个在热狗店打工、嘴很碎、命很硬的普通少年。 一次探险意外后，同事被整个世界“删除”。 父亲失踪，记忆出错。 他越查越发现，都市传说不是故事，而是世界运行规则的一部分... ——系列连载中，敬请持续追更—— #tapnow #一万个平行,https://www.douyin.com/video/7646351491820829858,https://p3-pc-sign.douyinpic.com/tos-cn-i-0813c001/ooAA1Pv3YMjoTIIhAAEAidLlWACxaKxTQBg0i~tplv-dy-cropcenter:323:430.jpeg?lk3s=138a59ce&x-expires=2098166400&x-signature=YQoycIgUdX7exLATWunbbABLsVQ%3D&from=327834062&s=PackSourceEnum_COLLECTION&se=true&sh=323_430&sc=cover&biz_tag=pcweb_cover&l=202606301654050B728E52817281576975,KUNC,2026-06-01,4556,52,382,338,《Unreal》| 一个怪谈亲历者的倒霉实录 怪谈是真的… 而第一个发现这件事的人，是个在热狗店打工、嘴很碎、命很硬的普通少年。 一次探险意外后，同事被整个世界“删除”。 父亲失踪，记忆出错。 他越查越发现，都市传说不是故事，而是世界运行规则的一部分... ——系列连载中，敬请持续追更—— #tapnow #一万个平行宇宙#TapTV #未来导演扶持计划 #AI创作浪潮计划,douyin:favorites
douyin,VibeCoding大赏|《ipod 2026》 #ipod #音乐播放器 #数码科技 #diy #wwdc,https://www.douyin.com/video/7650702013160989595,https://p3-pc-sign.douyinpic.com/tos-cn-p-0015c000-ce/oEwA5iYBwppB0BRifA1eEAA6EKsqPFIRmHH0To~tplv-dy-cropcenter:323:430.jpeg?lk3s=138a59ce&x-expires=2098166400&x-signature=WdtgfOEL4em5TiQgvO%2BurdB7AFc%3D&from=327834062&s=PackSourceEnum_COLLECTION&se=true&sh=323_430&sc=cover&biz_tag=pcweb_cover&l=202606301654050B728E52817281576975,gigass ╲,2026-06-13,180542,3482,26399,40446,VibeCoding大赏|《ipod 2026》 #ipod #音乐播放器 #数码科技 #diy #wwdc,douyin:favorites
douyin,VibeCoding大赏｜手势控制，花朵在指尖绽放 用loot做了手势交互控制粒子的聚合与消散#数字艺术 #vibecoding大赏 #ai新星计划 #数字化艺术 #loot,https://www.douyin.com/video/7644562012278231778,https://p3-pc-sign.douyinpic.com/tos-cn-i-0813/oIEWIAAA98oFAXDqtFAlflBieC9AlEAgClvKCj~tplv-dy-cropcenter:323:430.jpeg?lk3s=138a59ce&x-expires=2098166400&x-signature=h9x2vzphhBn%2BLrDFZygulvASplU%3D&from=327834062&s=PackSourceEnum_COLLECTION&se=true&sh=323_430&sc=cover&biz_tag=pcweb_cover&l=202606301654050B728E52817281576975,希彼赫,2026-05-27,16931,184,3054,2482,VibeCoding大赏｜手势控制，花朵在指尖绽放 用loot做了手势交互控制粒子的聚合与消散#数字艺术 #vibecoding大赏 #ai新星计划 #数字化艺术 #loot,douyin:favorites
douyin,搓了一个手势控制的足迹相册 上传照片自动点亮区域 以及一个总结回忆功能 #Gemini #手势交互 #相册 #科技感 #ai,https://www.douyin.com/video/7595975002961706618,https://p3-pc-sign.douyinpic.com/tos-cn-i-0813c000-ce/owBIfUewENyBOo1FXqRGeJT7YJALAAKgAHISI5~tplv-dy-cropcenter:323:430.jpeg?lk3s=138a59ce&x-expires=2098166400&x-signature=72KvY5pMmNXxotpKN38DztQxD%2F8%3D&from=327834062&s=PackSourceEnum_COLLECTION&se=true&sh=323_430&sc=cover&biz_tag=pcweb_cover&l=202606301654050B728E52817281576975,cc今天开心吗,2026-01-16,6176,345,2184,1254,搓了一个手势控制的足迹相册 上传照片自动点亮区域 以及一个总结回忆功能 #Gemini #手势交互 #相册 #科技感 #ai,douyin:favorites
douyin,小白也能学会的Gemini“氛围编程”，做出全屏星空粒子手势识别3D网页！🌌✨ #Gemini #AI编程 #粒子特效 #小白入门 #VibeCoding,https://www.douyin.com/video/7581761967897300274,https://p3-pc-sign.douyinpic.com/tos-cn-i-0813c001/okNB4AIAiAVAIFig0rGA01fvIU3eCWAm3EAR5c~tplv-dy-cropcenter:323:430.jpeg?lk3s=138a59ce&x-expires=2098166400&x-signature=Ci1yy19AfCUFLX7iTU0dW9vBaSk%3D&from=327834062&s=PackSourceEnum_COLLECTION&se=true&sh=323_430&sc=cover&biz_tag=pcweb_cover&l=202606301654050B728E52817281576975,浙大猫学长,2025-12-09,10573,485,9306,1858,小白也能学会的Gemini“氛围编程”，做出全屏星空粒子手势识别3D网页！🌌✨ #Gemini #AI编程 #粒子特效 #小白入门 #VibeCoding,douyin:favorites
douyin,这个动效非常适合小而美的应用去使用 #vibecoding #app #UI #动效,https://www.douyin.com/video/7656695956456492303,https://p3-pc-sign.douyinpic.com/tos-cn-i-dy/8dd1ed30b56c4e0d81234e2d21e340ac~tplv-dy-cropcenter:323:430.jpeg?lk3s=138a59ce&x-expires=2098166400&x-signature=DLJZ%2FfC9eyWG%2Fm%2FmRtqjFWKqe4U%3D&from=327834062&s=PackSourceEnum_COLLECTION&se=true&sh=323_430&sc=cover&biz_tag=pcweb_cover&l=202606301654050B728E52817281576975,像素单元,2026-06-29,25,4,9,5,这个动效非常适合小而美的应用去使用 #vibecoding #app #UI #动效,douyin:favorites
douyin,🤯头部动一动，卡片表情就变了？！这个交互设计太绝了！卡片会跟着头部角度变化，模拟现实里双面卡片的效果，一个笑一个哭，视角切换超有趣～我还原了现实中的光栅印刷（lenticularprinting）效果，用陀螺仪就能实现，手动触摸也可以操作👍 它还有两款新颜色！彩虹款和浅色系，彩虹款的光泽感超梦幻，浅色系更温柔～背景,https://www.douyin.com/video/7656859952594989669,https://p9-pc-sign.douyinpic.com/tos-cn-i-0813c000-ce/ocBEAATMEFAfzQAwI9PDn80KqxoAFrqCYEjfCX~noop.jpeg?lk3s=138a59ce&x-expires=1784016000&x-signature=4SbuhcF7nPyU2P0lDWuEhzHwhMA%3D&from=327834062&s=PackSourceEnum_COLLECTION&se=false&biz_tag=pcweb_cover&l=202606301654050B728E52817281576975,Liko,2026-06-29,54,2,20,0,🤯头部动一动，卡片表情就变了？！这个交互设计太绝了！卡片会跟着头部角度变化，模拟现实里双面卡片的效果，一个笑一个哭，视角切换超有趣～我还原了现实中的光栅印刷（lenticularprinting）效果，用陀螺仪就能实现，手动触摸也可以操作👍 它还有两款新颜色！彩虹款和浅色系，彩虹款的光泽感超梦幻，浅色系更温柔～背景光效也很加分，连小碎点都能取消，完全按喜好定制✅ 1️⃣效果实现：用陀螺仪或手动触摸都可以操作，通过头部角度变化切换表情，支持旋转调节方向，开心和不开心的情绪切换超自然～ 2️⃣开源计划：如果点赞收藏超500，就会在GitHub开源，还能出教程分享实现方法，让更多人体验这种趣味交互～ #交互设计#UI设计#科技,douyin:favorites
douyin,《时间机器·归来》 #AIGC #科幻短片,https://www.douyin.com/video/7656401611668950322,https://p3-pc-sign.douyinpic.com/tos-cn-i-dy/8dece532630e4293b7c5c2630ddfc8ac~tplv-dy-cropcenter:323:430.jpeg?lk3s=138a59ce&x-expires=2098166400&x-signature=R%2F6iPOZhnHcLxgUMvLzmFex4Lkc%3D&from=327834062&s=PackSourceEnum_COLLECTION&se=true&sh=323_430&sc=cover&biz_tag=pcweb_cover&l=202606301654050B728E52817281576975,AIGC倚歌,2026-06-28,16,2,4,1,《时间机器·归来》 #AIGC #科幻短片,douyin:favorites
douyin,审美提升 | phaethon #微距摄影 #暗调质感 #高级感 #审美积累,https://www.douyin.com/video/7639601220444900654,https://p3-pc-sign.douyinpic.com/tos-cn-i-dy/943de9a848c7490788dff9c159e2e2a7~tplv-dy-cropcenter:323:430.jpeg?lk3s=138a59ce&x-expires=2098166400&x-signature=r9tVtPktZyGSdsldv%2B0ivpS8c0M%3D&from=327834062&s=PackSourceEnum_COLLECTION&se=true&sh=323_430&sc=cover&biz_tag=pcweb_cover&l=202606301654050B728E52817281576975,卓颜,2026-05-15,259773,4244,50982,30918,审美提升 | phaethon #微距摄影 #暗调质感 #高级感 #审美积累,douyin:favorites
douyin,Codex联动Obsidian，搭建超强知识库，手把手教程 用Codex+Obsidian 搭建可以“自生长”的知识库 帮你把信息的利用效率 直接拉高到next level 它能定时抓取热点 能自动整理信息、定期复盘 能让知识体系自动迭代生长 还能直接输出文档、PPT、视频等成果 #AI新星计划 #知识库 #codex,https://www.douyin.com/video/7645192281837948196,https://p3-pc-sign.douyinpic.com/tos-cn-i-dy/b697475ba51f4646a26d7fa34cdccf4b~tplv-dy-cropcenter:323:430.jpeg?lk3s=138a59ce&x-expires=2098166400&x-signature=4JfMXQSDtruf1KBIdIb8VpayeTs%3D&from=327834062&s=PackSourceEnum_COLLECTION&se=true&sh=323_430&sc=cover&biz_tag=pcweb_cover&l=202606301654050B728E52817281576975,Xuan酱,2026-05-29,37353,641,31478,7441,Codex联动Obsidian，搭建超强知识库，手把手教程 用Codex+Obsidian 搭建可以“自生长”的知识库 帮你把信息的利用效率 直接拉高到next level 它能定时抓取热点 能自动整理信息、定期复盘 能让知识体系自动迭代生长 还能直接输出文档、PPT、视频等成果 #AI新星计划 #知识库 #codex,douyin:favorites
douyin,我们的作品《05:29:84》在TapNow杭州36小时AI动画黑客松获奖啦！很高兴能在线下110组队伍中入围前十，获得了Midjourney学生特别奖！ 如果连“反抗”本身都是被预设的，我们如何证明自己的选择是真实且自由的？ 欢迎大家观看这部特别的短片，一定要看完，我们为观看视频的你也留了一个结局~ 五香飞兔@兔子鸽,https://www.douyin.com/video/7651428324405657083,https://p3-pc-sign.douyinpic.com/tos-cn-i-0813c000-ce/oAsv6pwIE4DALnjF1VCTAqVVzAeE9AAAESXDfH~tplv-dy-cropcenter:323:430.jpeg?lk3s=138a59ce&x-expires=2098166400&x-signature=eKlG15ttXNB6UdGqz%2FfeIzrIW8o%3D&from=327834062&s=PackSourceEnum_COLLECTION&se=true&sh=323_430&sc=cover&biz_tag=pcweb_cover&l=20260630165412EECFE787C13D456857A6,小飞探索者,2026-06-15,15154,273,2499,1613,我们的作品《05:29:84》在TapNow杭州36小时AI动画黑客松获奖啦！很高兴能在线下110组队伍中入围前十，获得了Midjourney学生特别奖！ 如果连“反抗”本身都是被预设的，我们如何证明自己的选择是真实且自由的？ 欢迎大家观看这部特别的短片，一定要看完，我们为观看视频的你也留了一个结局~ 五香飞兔@兔子鸽 @无三分相 下次再合体，搞个大的！#tapnow #命题不在场 #TapNow黑客松 #ai创作浪潮计划 #抖音AI创作大赛,douyin:favorites
douyin,在本地建立知识库，关联大模型，就拥有了可以持续进化的数字大脑。 补充一个新功能，你在知识库里探讨出来的时间线、知识之间的结构关系图谱，还可以做成画布Canvas帮助你理解，同样也保存在知识库里 #卡帕西 #github #codex #claudecode#ai新星计划,https://www.douyin.com/video/7627025567388405028,https://p3-pc-sign.douyinpic.com/tos-cn-i-dy/0d22298e62dd4b86bed54598fcc9a5ea~tplv-dy-cropcenter:323:430.jpeg?lk3s=138a59ce&x-expires=2098166400&x-signature=MhhRxxE5rs0u47qQ6k1MHAuX1oE%3D&from=327834062&s=PackSourceEnum_COLLECTION&se=true&sh=323_430&sc=cover&biz_tag=pcweb_cover&l=20260630165412EECFE787C13D456857A6,一枚卓子,2026-04-10,16513,355,13743,4204,在本地建立知识库，关联大模型，就拥有了可以持续进化的数字大脑。 补充一个新功能，你在知识库里探讨出来的时间线、知识之间的结构关系图谱，还可以做成画布Canvas帮助你理解，同样也保存在知识库里 #卡帕西 #github #codex #claudecode#ai新星计划,douyin:favorites
douyin,个人第一部AI创作CG短片，耗时一周，这效果你打几分？ 梦入星空#即梦ai短片挑战赛 #即梦AI创作者成长计划 #AI原创 #梦幻奇遇,https://www.douyin.com/video/7630007448975314226,https://p3-pc-sign.douyinpic.com/tos-cn-i-dy/938ddb42b421477cb6f7efada357c50e~tplv-dy-cropcenter:323:430.jpeg?lk3s=138a59ce&x-expires=2098166400&x-signature=lmNZQdKOC8GnMqwB44ICan0J6%2Fc%3D&from=327834062&s=PackSourceEnum_COLLECTION&se=true&sh=323_430&sc=cover&biz_tag=pcweb_cover&l=20260630165412EECFE787C13D456857A6,横空TT,2026-04-18,52838,5131,10786,9132,个人第一部AI创作CG短片，耗时一周，这效果你打几分？ 梦入星空#即梦ai短片挑战赛 #即梦AI创作者成长计划 #AI原创 #梦幻奇遇,douyin:favorites
douyin,北影节AI单元短片组最佳影片《牡丹记》全片 “自恨罗衣掩诗句，举头空羡榜中名。” 入道后的鱼玄机在道观庭院埋下一缕青丝，牡丹自此染上诡异的红色。书生王生慕名而来，两人的短暂交往却引发怪异灾变——王生身生妖纹，最终如纸般枯萎。流言四起，众人将一切归罪于她。鱼玄机回想起童年与恩师温庭筠的相遇，最终意识到女性才情在封建社会中,https://www.douyin.com/video/7633341799558790321,https://p9-pc-sign.douyinpic.com/tos-cn-i-0813c000-ce/ooMyAefIEXQKvAenAuAg2JXLjeO4VtDgTG4KAx~tplv-dy-cropcenter:323:430.jpeg?lk3s=138a59ce&x-expires=2098166400&x-signature=EOljJJwPGEzRicuBpxXiVCrw9mo%3D&from=327834062&s=PackSourceEnum_COLLECTION&se=true&sh=323_430&sc=cover&biz_tag=pcweb_cover&l=20260630165412EECFE787C13D456857A6,刘雨晴,2026-04-27,85042,1357,14720,29679,北影节AI单元短片组最佳影片《牡丹记》全片 “自恨罗衣掩诗句，举头空羡榜中名。” 入道后的鱼玄机在道观庭院埋下一缕青丝，牡丹自此染上诡异的红色。书生王生慕名而来，两人的短暂交往却引发怪异灾变——王生身生妖纹，最终如纸般枯萎。流言四起，众人将一切归罪于她。鱼玄机回想起童年与恩师温庭筠的相遇，最终意识到女性才情在封建社会中的困境……红牡丹在她身上疯狂生长，庭院化为焦土，只留下一朵纯白牡丹。 影片融合了中国志怪叙事与超现实视觉风格，以“宣纸”为主要视觉形式，呈现了女性在传统封建社会结构性压迫中的命运。 另一位导演的账号在这里@OYO ，欢迎大家期待我们之后更多的作品！ #北影节 #AI #AI电影 #视觉艺术 #用AI打开人文新视界,douyin:favorites
douyin,【附完整文档】Hermes Agent 凭什么那么火？ 用 Claude Code 写完就忘了？Hermes Agent 不一样——每次干完活，它会把这次经验自己存下来，下次同类的活儿直接从存好的那段往下接。越用越懂你，Claude Code 真的没有这个。 这条视频从零开始带你把 Hermes 跑起来：怎么在自己电脑,https://www.douyin.com/video/7649701910093516095,https://p3-pc-sign.douyinpic.com/tos-cn-i-dy/56b85f874e714b3c879e33f3e49a166f~tplv-dy-cropcenter:323:430.jpeg?lk3s=138a59ce&x-expires=2098166400&x-signature=WVlTES7AY%2BdJ7CHwpPg%2BADTek%2BQ%3D&from=327834062&s=PackSourceEnum_COLLECTION&se=true&sh=323_430&sc=cover&biz_tag=pcweb_cover&l=20260630165412EECFE787C13D456857A6,九天Hector,2026-06-10,3151,294,2396,436,【附完整文档】Hermes Agent 凭什么那么火？ 用 Claude Code 写完就忘了？Hermes Agent 不一样——每次干完活，它会把这次经验自己存下来，下次同类的活儿直接从存好的那段往下接。越用越懂你，Claude Code 真的没有这个。 这条视频从零开始带你把 Hermes 跑起来：怎么在自己电脑上装好环境、怎么接上飞书让你拿手机就能指挥它、怎么让它从你每次纠错里自己涨本事。不用背原理，跟着跑一遍就行。 Skills 给它装新能力，驾驭工程管住这些能力别让它乱——两件东西合在一起，才是越装越聪明、不会越装越笨的智能体。课件和项目骨架群里都有，评论区扣 1，我挨个踢。#抖音前沿科技首发计划 #Ai新星计划 #程序员#Hermes #Claude,douyin:favorites
douyin,AI原创短片《丧尸清道夫》-重制版，国产“爱死机”既视感。 本视频由小云雀Seedance2创作生成 #小云雀创作者计划 #小云雀AI #Ai创作浪潮计划 #未来导演扶持计划,https://www.douyin.com/video/7637813720252435755,https://p3-pc-sign.douyinpic.com/tos-cn-i-0629/oAVWAA6WDCAwEEIqAAFfACg4dMLAFiEDVADens~tplv-dy-cropcenter:323:430.jpeg?lk3s=138a59ce&x-expires=2098166400&x-signature=%2FyS6uFhH0eNC4%2BFO732zXJg5RW8%3D&from=327834062&s=PackSourceEnum_COLLECTION&se=true&sh=323_430&sc=cover&biz_tag=pcweb_cover&l=20260630165412EECFE787C13D456857A6,小云雀-MxShell,2026-05-09,4411078,57730,587102,1598897,AI原创短片《丧尸清道夫》-重制版，国产“爱死机”既视感。 本视频由小云雀Seedance2创作生成 #小云雀创作者计划 #小云雀AI #Ai创作浪潮计划 #未来导演扶持计划,douyin:favorites
douyin,这可能是最有灵魂的 AI 工具 现在它天天住在我 Mac 桌面。 一会陪我聊天， 一会提醒我工作， 甚至还会偷偷卖萌。 坏消息： 电脑开始像有生命了。 好消息： 上班终于没那么孤独了。 #AI桌宠 #摸鱼神器 #AI工具 #科技改变生活 #搞笑科技,https://www.douyin.com/video/7639681705515670117,https://p3-pc-sign.douyinpic.com/tos-cn-i-0813c000-ce/ocgAtfZFLwh9D9AIAkuEAIEemEBFElnHqeoSAA~tplv-dy-cropcenter:323:430.jpeg?lk3s=138a59ce&x-expires=2098166400&x-signature=SHM6G6R%2Fu%2FfYcLRieXgXiJxd0wk%3D&from=327834062&s=PackSourceEnum_COLLECTION&se=true&sh=323_430&sc=cover&biz_tag=pcweb_cover&l=20260630165412EECFE787C13D456857A6,lip,2026-05-14,37816,505,15066,7826,这可能是最有灵魂的 AI 工具 现在它天天住在我 Mac 桌面。 一会陪我聊天， 一会提醒我工作， 甚至还会偷偷卖萌。 坏消息： 电脑开始像有生命了。 好消息： 上班终于没那么孤独了。 #AI桌宠 #摸鱼神器 #AI工具 #科技改变生活 #搞笑科技,douyin:favorites
douyin,vibecoding大赏｜ Harness engineering 实操干货教程！#Harness #AI新星计划 #抖音前沿科技首发计划 #vibecoding大赏 #知识前沿派对,https://www.douyin.com/video/7652683193199463721,https://p3-pc-sign.douyinpic.com/tos-cn-i-dy/616194b0baca4d0dbc270cc5ef4c426b~tplv-dy-cropcenter:323:430.jpeg?lk3s=138a59ce&x-expires=2098166400&x-signature=d%2Bq4%2F1cZ3edB4CXIjd7SD20XZGw%3D&from=327834062&s=PackSourceEnum_COLLECTION&se=true&sh=323_430&sc=cover&biz_tag=pcweb_cover&l=20260630165412EECFE787C13D456857A6,是花子呀_,2026-06-18,49749,697,23852,5793,vibecoding大赏｜ Harness engineering 实操干货教程！#Harness #AI新星计划 #抖音前沿科技首发计划 #vibecoding大赏 #知识前沿派对,douyin:favorites
douyin,『KILL A』 拿下最佳导演奖及五项最佳提名！ 在刚刚结束的【36小时Tapnow杭州黑客松】中，我们带着最新AI动画短片《KILL A》交卷啦！ 在这个都市中，每个人都拥有无法摆脱的“双生关系”，那是属于每个人的“社会双生子”。 一面行走在人群之中，一面被留在暗处；一面负责生存，一面保管那些不合时宜的真实。 谁成为,https://www.douyin.com/video/7651552192398665204,https://p3-pc-sign.douyinpic.com/tos-cn-i-0813c001/ogFA5AiLNEBWW7AAM6AgfYi0qvI29wEANAiexC~tplv-dy-cropcenter:323:430.jpeg?lk3s=138a59ce&x-expires=2098166400&x-signature=grhCIMz5qrAtbXNhQtnAnv5jk18%3D&from=327834062&s=PackSourceEnum_COLLECTION&se=true&sh=323_430&sc=cover&biz_tag=pcweb_cover&l=20260630165412EECFE787C13D456857A6,KUNC,2026-06-15,16030,203,2633,2974,『KILL A』 拿下最佳导演奖及五项最佳提名！ 在刚刚结束的【36小时Tapnow杭州黑客松】中，我们带着最新AI动画短片《KILL A》交卷啦！ 在这个都市中，每个人都拥有无法摆脱的“双生关系”，那是属于每个人的“社会双生子”。 一面行走在人群之中，一面被留在暗处；一面负责生存，一面保管那些不合时宜的真实。 谁成为现实中的“本体”，谁被压入暗处成为“双生子”，取决于每个人自己的选择。 Mia 早已习惯让真实的一面闭嘴，直到某次争执彻底失控，她亲手杀死了 Aria，并将她藏进冰柜...但在社会关系守恒规则之下，双生子绝不能被彻底抹除... #tapnow黑客松 #taptv #全民AI创作大赛 #抖音ai创作大赛 #开放赛道,douyin:favorites
douyin,肝了30天！只用7分钟让你彻底学会AI动效！告别AE！ Claude+Remotion新手0基础实战教程【vibe motion从0到神，超过99%的人】 过去的一个月，我都在密集的用remotion加各种AI Agent平台（包括claude\codex等）做动画，Remotion 几个月前小小火过一阵，但中文互联网,https://www.douyin.com/video/7624469060838853914,https://p3-pc-sign.douyinpic.com/tos-cn-i-dy/3620bd48af77407bb59f78b643e59091~tplv-dy-cropcenter:323:430.jpeg?lk3s=138a59ce&x-expires=2098166400&x-signature=8zqBiGUzcRM8V8TanQHcz0UUSmU%3D&from=327834062&s=PackSourceEnum_COLLECTION&se=true&sh=323_430&sc=cover&biz_tag=pcweb_cover&l=20260630165412EECFE787C13D456857A6,十元钱钱,2026-04-03,22988,268,22266,4695,肝了30天！只用7分钟让你彻底学会AI动效！告别AE！ Claude+Remotion新手0基础实战教程【vibe motion从0到神，超过99%的人】 过去的一个月，我都在密集的用remotion加各种AI Agent平台（包括claude\codex等）做动画，Remotion 几个月前小小火过一阵，但中文互联网几乎没有系统性的 Vibe Motion 教程。很多人浅浅一试，觉得只能做个PPT效果，就放弃了——我一开始也是这样。 但深入摸索之后，我经常被它能高效实现的效果惊到，也摸清了它能与不能的边界。现在我的视频已经离不开 Remotion 加持。这对我有很有帮助，相信对你也是。 这期教程涵盖： ✦ 6大类动画实战（产品演示/数据可视化/地图/3D/视频包装/复刻视频） ✦ 7个提示词和制作技巧 ✦ 完整 AI + Remotion 工作流 ✦ Remotion 的能与不能（vs AE / 剪映 / Seedance） 从0到1，手把手带你实现动效自由。 #Claude #remotion #AI动效 #AI视频 #AE,douyin:favorites
douyin,VibeCoding大赏｜vibe-motion v1.1.0正式发布！音画同步的动画才是真正的好动画！@抖音科技#vibecoding大赏 #AI新星计划 #vibeMotion,https://www.douyin.com/video/7654069482272476426,https://p3-pc-sign.douyinpic.com/tos-cn-i-dy/591ba7b5a0224d3ba3f717756d321590~tplv-dy-cropcenter:323:430.jpeg?lk3s=138a59ce&x-expires=2098166400&x-signature=vNgKj1XngH0c4h3gSlwzNN%2Bjlf8%3D&from=327834062&s=PackSourceEnum_COLLECTION&se=true&sh=323_430&sc=cover&biz_tag=pcweb_cover&l=202606301654132831082A59BEEE58EE92,浙大猫学长,2026-06-22,3582,66,2159,386,VibeCoding大赏｜vibe-motion v1.1.0正式发布！音画同步的动画才是真正的好动画！@抖音科技#vibecoding大赏 #AI新星计划 #vibeMotion,douyin:favorites
douyin,Flipbook爆火：UI的未来是无限视觉 我这两天被这个爆火的Flipbook刷屏并被震撼到，现在的UI界面也许会在不久的将来彻底改变。Flipbook是三星工程师(前Open AI) Zain Shah和另外两个伙伴做的一个无限视觉浏览器，根据你的搜索词，实时用像素生成一张类似百科全书里的动态插画，连文字也是像素组,https://www.douyin.com/video/7632614835317918995,https://p3-pc-sign.douyinpic.com/tos-cn-i-dy/21b9c59e605d411d86724432894c59c0~tplv-dy-cropcenter:323:430.jpeg?lk3s=138a59ce&x-expires=2098166400&x-signature=aD1OeKyheoQkyHwQgeM4Alj9FWw%3D&from=327834062&s=PackSourceEnum_COLLECTION&se=true&sh=323_430&sc=cover&biz_tag=pcweb_cover&l=202606301654132831082A59BEEE58EE92,缘缘er,2026-04-25,170308,1927,81550,46147,Flipbook爆火：UI的未来是无限视觉 我这两天被这个爆火的Flipbook刷屏并被震撼到，现在的UI界面也许会在不久的将来彻底改变。Flipbook是三星工程师(前Open AI) Zain Shah和另外两个伙伴做的一个无限视觉浏览器，根据你的搜索词，实时用像素生成一张类似百科全书里的动态插画，连文字也是像素组成，没有代码，没有HTML，画面上的任何区域你都可以点击，生成这块区域的进一步画面。 而且作者们调制的这个画面风格太好看了，我小时候要是有这玩意能玩一整天不吃不喝，完全就是一本无限魔法书。 作者直接展示了在这上面搜索巴黎旅游景点，还直接买了巴黎圣母院的票。我自己也用来搜索了清迈，效果惊人，但可惜这两天太火了我一直没能连接上视频动态效果。虽然目前的算力无法实现规模化，作者也说目前只是展示测试阶段，但是我这次是真真切切感受到了AI带来的改革，未来就快来了。,douyin:favorites
douyin,"🛫角色板+故事板，让AI视频抽卡效率拉满 今天我通过拆解上一个作品《镜外之徒》，给 大家分享我制作分镜+视频的过程，利用Kōda 大佬的提示词为基础,让ai帮我们反推符合我 们主题的提示词和分镜故事板， 经过这次测 试，最消耗积分的视频抽卡成功率贼高！所以 分享给大家，希望对大家在视频创作上有所帮 助！#ai教程 #",https://www.douyin.com/video/7642520808962840198,https://p3-pc-sign.douyinpic.com/tos-cn-i-0813c000-ce/oI1AemPaKEKEeAie7ECIPCpAABAGwbvA4wsBi1~tplv-dy-cropcenter:323:430.jpeg?lk3s=138a59ce&x-expires=2098166400&x-signature=6QkZoM9ASdZDaGK53khjhixM7F0%3D&from=327834062&s=PackSourceEnum_COLLECTION&se=true&sh=323_430&sc=cover&biz_tag=pcweb_cover&l=202606301654132831082A59BEEE58EE92,动不动就饿,2026-05-22,21444,1131,21088,5105,"🛫角色板+故事板，让AI视频抽卡效率拉满 今天我通过拆解上一个作品《镜外之徒》，给 大家分享我制作分镜+视频的过程，利用Kōda 大佬的提示词为基础,让ai帮我们反推符合我 们主题的提示词和分镜故事板， 经过这次测 试，最消耗积分的视频抽卡成功率贼高！所以 分享给大家，希望对大家在视频创作上有所帮 助！#ai教程 #aigc #ai工作流 #ai视频 #image2",douyin:favorites
douyin,时代变了，传统设计方式早已不占优势 #星雨图库 #Ai服装设计 #Ai软件 #Ai,https://www.douyin.com/video/7648867669269042097,https://p3-pc-sign.douyinpic.com/tos-cn-p-0015c000-ce/o41Eg1zPIsxgByLAEDsmqEAkBeiJ4of2zwYBxi~tplv-dy-cropcenter:323:430.jpeg?lk3s=138a59ce&x-expires=2098166400&x-signature=RFKUAPtRQHHhIuFVR6lIMvKWHfs%3D&from=327834062&s=PackSourceEnum_COLLECTION&se=true&sh=323_430&sc=cover&biz_tag=pcweb_cover&l=202606301654132831082A59BEEE58EE92,伏特加i,2026-06-08,4462,86,2411,1841,时代变了，传统设计方式早已不占优势 #星雨图库 #Ai服装设计 #Ai软件 #Ai,douyin:favorites
douyin,VibeCoding大赏｜seedance不擅长的科普动画 我花720个小时攻克了 流程标准化并开源了代码！不是api也不烧token 一句话接入龙虾生成AE质感的动画视频 向全世界介绍vibe-motion～ #AI新星计划 #vibeMotion #vibeAnimation #minimax #vibecodin,https://www.douyin.com/video/7625546413195283721,https://p3-pc-sign.douyinpic.com/tos-cn-i-0813/osgAUifKpAA057G2ABCFDUa0iAJENIf9IAlaTA~tplv-dy-cropcenter:323:430.jpeg?lk3s=138a59ce&x-expires=2098166400&x-signature=ueWRGYmlFa8kq18muirV2tPuWmM%3D&from=327834062&s=PackSourceEnum_COLLECTION&se=true&sh=323_430&sc=cover&biz_tag=pcweb_cover&l=202606301654132831082A59BEEE58EE92,浙大猫学长,2026-04-06,38839,233,32344,6111,VibeCoding大赏｜seedance不擅长的科普动画 我花720个小时攻克了 流程标准化并开源了代码！不是api也不烧token 一句话接入龙虾生成AE质感的动画视频 向全世界介绍vibe-motion～ #AI新星计划 #vibeMotion #vibeAnimation #minimax #vibecoding大赏,douyin:favorites
douyin,我从未想过翻身立命 到如今年过三十，一事无成，竟又燃起对生活的斗志，也许是无知，也许是希望#codex #odd记录我的日常,https://www.douyin.com/video/7647141551547108251,https://p3-pc-sign.douyinpic.com/tos-cn-i-0813/oIAENIGDgAqLAI0S9FfeBqDCjAIKLEAYrAv4Ag~tplv-dy-cropcenter:323:430.jpeg?lk3s=138a59ce&x-expires=2098166400&x-signature=Qbs67nfUlcgc2hOHnyNUw%2BqTYJM%3D&from=327834062&s=PackSourceEnum_COLLECTION&se=true&sh=323_430&sc=cover&biz_tag=pcweb_cover&l=202606301654132831082A59BEEE58EE92,Vision 黎小,2026-06-03,7012,726,4139,1173,我从未想过翻身立命 到如今年过三十，一事无成，竟又燃起对生活的斗志，也许是无知，也许是希望#codex #odd记录我的日常,douyin:favorites
douyin,feel me #摄影 #inmyfeeling #审美积累 #摄影约拍 #拍出电影感,https://www.douyin.com/video/7649692578929828479,https://p3-pc-sign.douyinpic.com/tos-cn-i-0813c001/oQfuKleaUEBFWGeEAI6AkAA7UGWAtUOcDB7pEA~tplv-dy-cropcenter:323:430.jpeg?lk3s=138a59ce&x-expires=2098166400&x-signature=VPkGhV0YxD1KjkKGIgAjsuO%2BV90%3D&from=327834062&s=PackSourceEnum_COLLECTION&se=true&sh=323_430&sc=cover&biz_tag=pcweb_cover&l=202606301654132831082A59BEEE58EE92,CaoJunMing,2026-06-10,51332,454,7355,6947,feel me #摄影 #inmyfeeling #审美积累 #摄影约拍 #拍出电影感,douyin:favorites
douyin,AI怼脸拍留微瑕，这才是我们要的真实啊！ 现在终于被AI治好了我的容貌焦虑✨ 保留小雀斑、皮肤纹理和自然的光泽感 一点点不完美，反而让视频更有灵气更鲜活 真正的美从来不是千篇一律的无瑕，而是独一无二的真实 #AI怼脸拍微瑕 #真实感美妆 #拒绝容貌焦虑 #微瑕才是美#青年创作者成长计划,https://www.douyin.com/video/7649353613022434152,https://p3-pc-sign.douyinpic.com/tos-cn-p-0015/oURViAAiGEI0ceEgHQAES1IfEP9nBvYBCpw1on~tplv-dy-cropcenter:323:430.jpeg?lk3s=138a59ce&x-expires=2098166400&x-signature=%2BSIunnSGaSXa0Mu1K7hq2RXsk3A%3D&from=327834062&s=PackSourceEnum_COLLECTION&se=true&sh=323_430&sc=cover&biz_tag=pcweb_cover&l=202606301654132831082A59BEEE58EE92,告诉我你的名字,2026-06-09,19241,1065,5708,7718,AI怼脸拍留微瑕，这才是我们要的真实啊！ 现在终于被AI治好了我的容貌焦虑✨ 保留小雀斑、皮肤纹理和自然的光泽感 一点点不完美，反而让视频更有灵气更鲜活 真正的美从来不是千篇一律的无瑕，而是独一无二的真实 #AI怼脸拍微瑕 #真实感美妆 #拒绝容貌焦虑 #微瑕才是美#青年创作者成长计划,douyin:favorites
douyin,「VibeCoding大赏」 这款提示词插件加上image-2 做底图也太顺畅了吧… 风格把握得巨精准… 稍微微调下就能直接交差了… 再也不用从0开始想提示词了！ 谷歌插件名字：promptcard #ai生图 #提示词 #插件 #海报设计 #vibcoding大赏 @抖音科技,https://www.douyin.com/video/7650014511239379429,https://p3-pc-sign.douyinpic.com/tos-cn-i-0813c000-ce/oQzvAiqAppBB6qZiPa2qIqhEAiETAwAPGIMAw~tplv-dy-cropcenter:323:430.jpeg?lk3s=138a59ce&x-expires=2098166400&x-signature=ik%2FrCxpyshQu3%2BcxbKAVWaJlvnw%3D&from=327834062&s=PackSourceEnum_COLLECTION&se=true&sh=323_430&sc=cover&biz_tag=pcweb_cover&l=202606301654132831082A59BEEE58EE92,地球Online NPC,2026-06-11,8043,141,6059,1248,「VibeCoding大赏」 这款提示词插件加上image-2 做底图也太顺畅了吧… 风格把握得巨精准… 稍微微调下就能直接交差了… 再也不用从0开始想提示词了！ 谷歌插件名字：promptcard #ai生图 #提示词 #插件 #海报设计 #vibcoding大赏 @抖音科技,douyin:favorites
douyin,请AI视频学习者停止走火入魔 请草台班子AI抽卡师 停止抹黑我们这个行业 #ai视频制作 #高清ai视频 #ai影视制作,https://www.douyin.com/video/7653874794312654073,https://p3-pc-sign.douyinpic.com/tos-cn-i-0813c000-ce/oMQEAAwE9eYfMaBiDwAAQQAOIAzqEnDfWSSEFE~tplv-dy-cropcenter:323:430.jpeg?lk3s=138a59ce&x-expires=2098166400&x-signature=yDYFjUnJgiRETXIaCU3QiDPiepI%3D&from=327834062&s=PackSourceEnum_COLLECTION&se=true&sh=323_430&sc=cover&biz_tag=pcweb_cover&l=202606301654132831082A59BEEE58EE92,雪人AIGC,2026-06-21,32419,615,14912,6132,请AI视频学习者停止走火入魔 请草台班子AI抽卡师 停止抹黑我们这个行业 #ai视频制作 #高清ai视频 #ai影视制作,douyin:favorites
douyin,vibe+git=无限动画 #AI新星计划 随便你怎么改——崩了能回，爽了能留，复杂动画也能慢慢vibe出来。 更能随时回到任意版本，用分支做无限动画变种。新手篇学会： git graph、commit、check out、reset就能跑通 vibe motion 的线性开发流程。 平行宇宙高手篇，待续… #vibe,https://www.douyin.com/video/7633102529974275379,https://p3-pc-sign.douyinpic.com/tos-cn-i-dy/1710501474344f468bade9b849c4ed34~tplv-dy-cropcenter:323:430.jpeg?lk3s=138a59ce&x-expires=2098166400&x-signature=tVVsNRAHWuenmzzt3EQpyzQYzTw%3D&from=327834062&s=PackSourceEnum_COLLECTION&se=true&sh=323_430&sc=cover&biz_tag=pcweb_cover&l=20260630165414B2F2A89C902BA2644AD8,浙大猫学长,2026-04-27,27229,172,19097,3351,vibe+git=无限动画 #AI新星计划 随便你怎么改——崩了能回，爽了能留，复杂动画也能慢慢vibe出来。 更能随时回到任意版本，用分支做无限动画变种。新手篇学会： git graph、commit、check out、reset就能跑通 vibe motion 的线性开发流程。 平行宇宙高手篇，待续… #vibeMotion #vibeAnimation #vibecoding大赏,douyin:favorites
douyin,我都标明AI了 他还在问模特有没档期 #AIGC #服装 #品牌 #商业拍摄,https://www.douyin.com/video/7638242975889607673,https://p3-pc-sign.douyinpic.com/tos-cn-p-0015c000-ce/oQ5q9StYHAGxG9IUwIF4AfoD2fcHrXHEEAB4AQ~noop.jpeg?lk3s=138a59ce&x-expires=1784016000&x-signature=fYDDUlPlyljG1AxF8Fux7mXI1bk%3D&from=327834062&s=PackSourceEnum_COLLECTION&se=false&biz_tag=pcweb_cover&l=20260630165414B2F2A89C902BA2644AD8,炽池,2026-05-10,8279,485,2204,2000,我都标明AI了 他还在问模特有没档期 #AIGC #服装 #品牌 #商业拍摄,douyin:favorites
douyin,分享一组新中式侘寂风AI提示词。1. 焦段与胶片：28mm广角 + 柯达200胶片，自带轻微颗粒感和褪色复古调。 2. 场景与氛围：中式侘寂园林融合枯山水 + 枯木做旧，阴天柔和光线 + 大光比明暗对比，整体中低调雅黑。 3. 人物与造型：180cm华裔女模，高原红 + 雀斑，穿亚麻白裙，手拿包，靠粗糙白石桌。 4. ,https://www.douyin.com/video/7649748439400580219,https://p3-pc-sign.douyinpic.com/tos-cn-i-0813c000-ce/oIfaArzBVqDeIwEQuCwFSAcDC3AWKQ9S2ooAAE~noop.jpeg?lk3s=138a59ce&x-expires=1784016000&x-signature=L%2FFcbH4TrhsSTunufa2DOpmoqOs%3D&from=327834062&s=PackSourceEnum_COLLECTION&se=false&biz_tag=pcweb_cover&l=20260630165414B2F2A89C902BA2644AD8,不是尊的,2026-06-10,402,11,275,83,分享一组新中式侘寂风AI提示词。1. 焦段与胶片：28mm广角 + 柯达200胶片，自带轻微颗粒感和褪色复古调。 2. 场景与氛围：中式侘寂园林融合枯山水 + 枯木做旧，阴天柔和光线 + 大光比明暗对比，整体中低调雅黑。 3. 人物与造型：180cm华裔女模，高原红 + 雀斑，穿亚麻白裙，手拿包，靠粗糙白石桌。 4. 构图与视角：纵向全身剧中构图，眼平视角，大画幅质感，空间感强。 5. 细节与质感：前景晾晒亚麻布，超真实细节 + 自然瑕疵 + 柔和光晕，纪录片式极简生活痕迹。 #aigc #ai摄影 #ai时尚 #ai电商 #ai提示词,douyin:favorites
douyin,VibeCoding大赏|选片工具 一千张照片十分钟选完的神器，ai自动筛选拍糊的，过曝的，表情不好的，剩下比较好的照片相似两两的只需要点一下就可以选出好的照片，现在还支持添加水印边框 （最后有链接，感谢关注）#ai新星计划#vibecoding大赏 #选片#摄影 #拍照,https://www.douyin.com/video/7643051543722298341,https://p3-pc-sign.douyinpic.com/tos-cn-i-0813c000-ce/oU1CA3aHIAYqEYhAElATsEAUAeipSePU5wWBei~tplv-dy-cropcenter:323:430.jpeg?lk3s=138a59ce&x-expires=2098166400&x-signature=NcIqxw0FL00c54iJWQNVlJDlCo8%3D&from=327834062&s=PackSourceEnum_COLLECTION&se=true&sh=323_430&sc=cover&biz_tag=pcweb_cover&l=20260630165414B2F2A89C902BA2644AD8,One:1,2026-05-23,29771,781,15110,9631,VibeCoding大赏|选片工具 一千张照片十分钟选完的神器，ai自动筛选拍糊的，过曝的，表情不好的，剩下比较好的照片相似两两的只需要点一下就可以选出好的照片，现在还支持添加水印边框 （最后有链接，感谢关注）#ai新星计划#vibecoding大赏 #选片#摄影 #拍照,douyin:favorites
douyin,别走出我的取景框 #inmyfeelings #myvibe #审美积累 #摄影 #feelingmyworld,https://www.douyin.com/video/7641364120742505856,https://p9-pc-sign.douyinpic.com/tos-cn-i-0813/owoFfBElEu7EAeAESfyTZI9GU4A7XDSBMAEAAB~tplv-dy-cropcenter:323:430.jpeg?lk3s=138a59ce&x-expires=2098166400&x-signature=GWsd%2FPackvtAVwORkea8K18zV%2BY%3D&from=327834062&s=PackSourceEnum_COLLECTION&se=true&sh=323_430&sc=cover&biz_tag=pcweb_cover&l=20260630165414B2F2A89C902BA2644AD8,曾拓,2026-05-19,92106,895,10542,10714,别走出我的取景框 #inmyfeelings #myvibe #审美积累 #摄影 #feelingmyworld,douyin:favorites
douyin,VibeCoding大赏 | Paimomo，可以上传一张自己的宠物照片，制作成一个宠物档案，Q版形象就会显示在手机中，还可以跟他对话、记录遛狗距离、记录疫苗、饮食等等，还在持续更新，下一步会开发小组件，让宠物住在手机屏幕里#宠物 #宠物ai #科学养宠 #ai新星计划 #vibecoding大赏,https://www.douyin.com/video/7639423340646296174,https://p3-pc-sign.douyinpic.com/tos-cn-i-0813/o4AA9eq4Ar9viEMAiKAALEIBEgzDBADCKnf2wy~noop.jpeg?lk3s=138a59ce&x-expires=1784016000&x-signature=kxY82ERiUR7XaDnpmddvcCp%2ByRc%3D&from=327834062&s=PackSourceEnum_COLLECTION&se=false&biz_tag=pcweb_cover&l=20260630165414B2F2A89C902BA2644AD8,Giorgio Han,2026-05-13,2968,283,1703,1458,VibeCoding大赏 | Paimomo，可以上传一张自己的宠物照片，制作成一个宠物档案，Q版形象就会显示在手机中，还可以跟他对话、记录遛狗距离、记录疫苗、饮食等等，还在持续更新，下一步会开发小组件，让宠物住在手机屏幕里#宠物 #宠物ai #科学养宠 #ai新星计划 #vibecoding大赏,douyin:favorites
douyin,胶片感AI生图真的太绝了！！有手就会的教程！ 使用的是Recraft这款工具，记得选择Hard flash风格 #AI在抖音 #跟我学AI #AI生图 #AI头像 #胶片摄影,https://www.douyin.com/video/7440140142033079591,https://p3-pc-sign.douyinpic.com/tos-cn-i-dy/557060e3e3db436391e4705919f23db4~tplv-dy-cropcenter:323:430.jpeg?lk3s=138a59ce&x-expires=2098166400&x-signature=bp0qohQbpfnd4%2BNHfcySONpkk7o%3D&from=327834062&s=PackSourceEnum_COLLECTION&se=true&sh=323_430&sc=cover&biz_tag=pcweb_cover&l=20260630165414B2F2A89C902BA2644AD8,栗氪聊AI,2024-11-22,30591,1390,23261,11653,胶片感AI生图真的太绝了！！有手就会的教程！ 使用的是Recraft这款工具，记得选择Hard flash风格 #AI在抖音 #跟我学AI #AI生图 #AI头像 #胶片摄影,douyin:favorites
douyin,我用Ai做了一组照片。image2生图 提示词分享↓ 超现实主义时尚摄影，一位中欧混血女超模站立于广阔草原中央，黑发齐刘海油头造型，五官立体写实，冷淡疏离的超模神态，原生雀斑肌理清晰可见，面部留白干净高级。她身穿白色连体蕾丝短裙，搭配Oversize宽肩廓形解构西装外套，光脚，背靠着一辆破旧的黄色皮卡车，人物慵懒松弛肢,https://www.douyin.com/video/7644147873847962249,https://p9-pc-sign.douyinpic.com/tos-cn-i-0813c001/oAiAB28MGQff7yUBk3U0BKWuVEFAfQ4AWAAtgA~noop.jpeg?lk3s=138a59ce&x-expires=1784016000&x-signature=CJKQdAJOVWXKoOxbplWU8ZoqBLE%3D&from=327834062&s=PackSourceEnum_COLLECTION&se=false&biz_tag=pcweb_cover&l=20260630165414B2F2A89C902BA2644AD8,M、,2026-05-26,3288,81,1014,485,我用Ai做了一组照片。image2生图 提示词分享↓ 超现实主义时尚摄影，一位中欧混血女超模站立于广阔草原中央，黑发齐刘海油头造型，五官立体写实，冷淡疏离的超模神态，原生雀斑肌理清晰可见，面部留白干净高级。她身穿白色连体蕾丝短裙，搭配Oversize宽肩廓形解构西装外套，光脚，背靠着一辆破旧的黄色皮卡车，人物慵懒松弛肢体。场景设定在空旷宁静的郊外草坪，地势平坦开阔。背景是深邃纯净、毫无云层的渐变深蓝天空，远方隐约可见覆盖白雪的雪山轮廓。中景分布着暖橙色岩石、几棵伞状大树、以及红屋顶白墙的小屋，小屋外墙攀附少量藤蔓植物。前景散落低饱和度的满天星花丛与白色雏菊，点缀少量高挑针叶植物。整体环境干净、空旷，没有任何现代人工杂物。空气中带有轻微沙尘与薄雾感，营造电影级氛围。春日正午自然光照射，阳光柔和但具有明确方向性，高对比度下保留柔和空气感。天空呈高级渐变蓝质感，草坪为偏暖调低饱和绿色，岩石与树干拥有粗糙颗粒肌理，暖色光影强化立体感；房屋墙面与屋顶细节细腻真实，与自然环境形成平衡。采用三分法构图：画面上方大面积纯净蓝天形成极强留白，中间区域为人物、黑马、大树与房屋，下方为延展草坪。左侧伞状大树横向展开的树冠形成天然视觉框架，半包裹右侧红屋顶房屋；大树与房屋分别位于左右两侧，通过草地与岩石形成稳定视觉平衡。整体画面拥有强烈呼吸感、松弛感与静谧氛围。摄影风格为超现实主义商业时尚大片，低饱和电影,douyin:favorites
douyin,这款软件帮你几分钟选完几百张图，选片最速传说 基于抖音某作者的开源软件“片刻”二开@One:1 （刚找到的原视频） 利用本地模型算法快速把图库中失焦、过曝、模糊等废片剔除，在剩下的图片中把相似的几十/几百张图自动归入同一瞬间，通过直观的左右擂台快速挑出你要留的照片。 本仓库主要是在原项目基础上更加集成，移除所有Pyth,https://www.douyin.com/video/7644983219276094889,https://p3-pc-sign.douyinpic.com/tos-cn-i-0813c000-ce/oMAw3ZgMeAIZr9AeAG7Ub3Fo3IJQLBA7dNAQVf~tplv-dy-cropcenter:323:430.jpeg?lk3s=138a59ce&x-expires=2098166400&x-signature=R9KameEsJUckAzBEmYxhag89%2F2g%3D&from=327834062&s=PackSourceEnum_COLLECTION&se=true&sh=323_430&sc=cover&biz_tag=pcweb_cover&l=20260630165414B2F2A89C902BA2644AD8,二员一个RabbitMQ,2026-05-28,55,21,30,18,这款软件帮你几分钟选完几百张图，选片最速传说 基于抖音某作者的开源软件“片刻”二开@One:1 （刚找到的原视频） 利用本地模型算法快速把图库中失焦、过曝、模糊等废片剔除，在剩下的图片中把相似的几十/几百张图自动归入同一瞬间，通过直观的左右擂台快速挑出你要留的照片。 本仓库主要是在原项目基础上更加集成，移除所有Python依赖，打开即用。 #摄影师 #选片 #摄影 #vibecoding大赏 #ai新星计划,douyin:favorites
douyin,【MIDJOUNEY】V6版本-高清人像。使用Midjourney v6生成的丰富色彩的女性人像 3.8节日快乐🎆 创作不易，一键三连，多多支持🙏 #美出高级感 #摄影 #外国小姐姐 #ai绘画#三八女神节,https://www.douyin.com/video/7343900994301955380,https://p3-pc-sign.douyinpic.com/tos-cn-i-0813c001/o09AuChWXczAeOgIK5ABfHqAtENADyIAxcE4FY~tplv-dmt-logom:tos-cn-i-0813c001/oox0EYCyAgAIiDeuAhExNATAqMlz9fEOWNXxVA.image?lk3s=138a59ce&x-expires=1784016000&x-signature=UzFZkKU87d%2Fsk6sqkefdIFmJWfI%3D&from=327834062&s=PackSourceEnum_COLLECTION&se=false&biz_tag=pcweb_cover&l=20260630165414B2F2A89C902BA2644AD8,Z的AI艺术工坊,2024-03-08,1216,20,149,276,【MIDJOUNEY】V6版本-高清人像。使用Midjourney v6生成的丰富色彩的女性人像 3.8节日快乐🎆 创作不易，一键三连，多多支持🙏 #美出高级感 #摄影 #外国小姐姐 #ai绘画#三八女神节,douyin:favorites
douyin,国产“爱死机”是怎么做的？ 普通人要如何才能做出这种效果？#AI教程 #小云雀AI #小云雀短剧Agent #小云雀短剧画布太卷了 #小云雀短剧Agent2全面升级,https://www.douyin.com/video/7645237511949700394,https://p3-pc-sign.douyinpic.com/tos-cn-i-dy/1d185653cf734678b2b1b818d9102456~tplv-dy-cropcenter:323:430.jpeg?lk3s=138a59ce&x-expires=2098166400&x-signature=Hgmle4wAz16pgVh5zJiiszEqSzg%3D&from=327834062&s=PackSourceEnum_COLLECTION&se=true&sh=323_430&sc=cover&biz_tag=pcweb_cover&l=20260630165417822EE4EF80C12A580970,Ai训练师大宇,2026-05-29,25597,173,2792,529,国产“爱死机”是怎么做的？ 普通人要如何才能做出这种效果？#AI教程 #小云雀AI #小云雀短剧Agent #小云雀短剧画布太卷了 #小云雀短剧Agent2全面升级,douyin:favorites
douyin,近期用codex+image2生成的一些比较满意的图，mj已失宠#服设摄影 #灵感库,https://www.douyin.com/video/7643324240947408229,https://p3-pc-sign.douyinpic.com/tos-cn-i-0813c000-ce/ocAEnIi7wArJEexa9FfyoqDCKAEBJEAtuA6iAS~noop.jpeg?lk3s=138a59ce&x-expires=1784016000&x-signature=vnXD%2BROE0LtliNamKnlqLdwnvD4%3D&from=327834062&s=PackSourceEnum_COLLECTION&se=false&biz_tag=pcweb_cover&l=20260630165417822EE4EF80C12A580970,柑鱼,2026-05-24,3386,137,1099,374,近期用codex+image2生成的一些比较满意的图，mj已失宠#服设摄影 #灵感库,douyin:favorites
douyin,这些不是电影片段，是提示词跑出来的世界 #AI #AIGC #AI电影,https://www.douyin.com/video/7647858846166194867,https://p9-pc-sign.douyinpic.com/tos-cn-i-0813/oEfZidLAAACiAMglwtB1D1IxEEAOope3ViTAAt~noop.jpeg?lk3s=138a59ce&x-expires=1784016000&x-signature=OTTuDAzg0RrX9XJfc1miaiSlUcA%3D&from=327834062&s=PackSourceEnum_COLLECTION&se=false&biz_tag=pcweb_cover&l=20260630165417822EE4EF80C12A580970,LINK,2026-06-05,7168,159,1756,1030,这些不是电影片段，是提示词跑出来的世界 #AI #AIGC #AI电影,douyin:favorites
douyin,AI 把夏天拍成了一场失控的出逃。用 AI 做了一支夏日服装 Campaign。 公路、草地、暴风雨前的天空， 还有一群快要被风吹散的人。 想做的不是甜美青春， 而是那种夏天快结束前， 有点自由、有点不安、快要失控的状态。 AI 影像也可以不只是“生成好看的图”， 而是做完整的品牌视觉、服装大片和情绪叙事。 你觉得这组,https://www.douyin.com/video/7649341564955402865,https://p3-pc-sign.douyinpic.com/tos-cn-i-0813c000-ce/oMAYonAgHbv6DJY0Qf5TffAAgE4mfYAhNA4t2r~noop.jpeg?lk3s=138a59ce&x-expires=1784016000&x-signature=%2Bkq0E60%2FeCgH6clWk9XtHDbjEAk%3D&from=327834062&s=PackSourceEnum_COLLECTION&se=false&biz_tag=pcweb_cover&l=20260630165417822EE4EF80C12A580970,evy01,2026-06-09,2183,30,592,239,AI 把夏天拍成了一场失控的出逃。用 AI 做了一支夏日服装 Campaign。 公路、草地、暴风雨前的天空， 还有一群快要被风吹散的人。 想做的不是甜美青春， 而是那种夏天快结束前， 有点自由、有点不安、快要失控的状态。 AI 影像也可以不只是“生成好看的图”， 而是做完整的品牌视觉、服装大片和情绪叙事。 你觉得这组更像青春电影，还是服装品牌广告？ #AI大片 #aigc #AI时尚 #ccd质感 #vekja_studio,douyin:favorites
douyin,保持你的灵魂自由.图片由AI生成 #氛围感拍照 #摄影 #AIGC #AI #审美积累,https://www.douyin.com/video/7627855609672660347,https://p3-pc-sign.douyinpic.com/tos-cn-i-0813c000-ce/oUrBJtf82QAyxA1xVQKq3fAekgErFEDGTI17AF~noop.jpeg?lk3s=138a59ce&x-expires=1784016000&x-signature=2uGdvM0FRM8VkJ2BqiQAoP7HL%2Bc%3D&from=327834062&s=PackSourceEnum_COLLECTION&se=false&biz_tag=pcweb_cover&l=20260630165417822EE4EF80C12A580970,LightNING,2026-04-12,936,11,159,109,保持你的灵魂自由.图片由AI生成 #氛围感拍照 #摄影 #AIGC #AI #审美积累,douyin:favorites
douyin,这组被问爆的AI轻奢商业片，保姆级教程来。全程不用租棚、不用请模特，在家就能搞定客片级质感👇 1️⃣ 核心工具链 • 底图生成：Midjourney → 生成模特+基础场景 • 分镜构图：Lovart → 批量出4宫格模卡视角 • 质感提升：高清放大工作流（running hub）→ 还原服装肌理与皮肤细节 2️⃣ ,https://www.douyin.com/video/7618564207415537393,https://p3-pc-sign.douyinpic.com/tos-cn-i-0813c000-ce/oE6ZPAJA9ILA3ePfeCEAiYDpA17FEEzpEwSNku~noop.jpeg?lk3s=138a59ce&x-expires=1784016000&x-signature=7pJ0CPbYEvFTsB5SxAijmEWSJqg%3D&from=327834062&s=PackSourceEnum_COLLECTION&se=false&biz_tag=pcweb_cover&l=20260630165417822EE4EF80C12A580970,风南天,2026-03-18,954,56,797,190,这组被问爆的AI轻奢商业片，保姆级教程来。全程不用租棚、不用请模特，在家就能搞定客片级质感👇 1️⃣ 核心工具链 • 底图生成：Midjourney → 生成模特+基础场景 • 分镜构图：Lovart → 批量出4宫格模卡视角 • 质感提升：高清放大工作流（running hub）→ 还原服装肌理与皮肤细节 2️⃣ 关键创作思路 • 色调锁定：低饱和米灰+冷调光影，营造轻奢裸感氛围 • 细节强调：Prompt里必须加「湿发纹理、雀斑肌理、羊毛西装面料质感」，让AI更懂真实感 • 构图逻辑：4宫格模卡=正面+侧面+3/4侧+侧脸，适配电商/模特卡需求 3️⃣ 避坑提醒 ❌ 别用太夸张的滤镜，AI图容易假 ✅ 重点调试「服装褶皱+光影层次」，这是区分“网图感”和“商业片”的核心 我在这步花了挺久的时间 #aigc #电商服装 #品牌女装 #时尚大片 #时尚摄影,douyin:favorites
douyin,Nano Banana的情绪镜头语言拆解。当AIGC学会“导演思维”：Nano Banana的情绪镜头语言拆解 朋友们，我是爆蛋BD。 今天不聊虚的，直接上硬核案例。最近深度参与了Nano Banana的品牌视觉升级，核心课题就一个： 如何用AIGC，像导演调度演员一样，精准控制“数字模特”的镜头情绪，并把它焊死在品牌,https://www.douyin.com/video/7614450878254173467,https://p3-pc-sign.douyinpic.com/tos-cn-i-dy/d1e31bbf535f4bd5b0954c84fe8907e4~noop.jpeg?lk3s=138a59ce&x-expires=1784016000&x-signature=sXcgDOQRUyB9tdwuk%2BaPQ4j58ZY%3D&from=327834062&s=PackSourceEnum_COLLECTION&se=false&biz_tag=pcweb_cover&l=20260630165417822EE4EF80C12A580970,爆蛋BD,2026-03-07,8312,42,6490,1113,Nano Banana的情绪镜头语言拆解。当AIGC学会“导演思维”：Nano Banana的情绪镜头语言拆解 朋友们，我是爆蛋BD。 今天不聊虚的，直接上硬核案例。最近深度参与了Nano Banana的品牌视觉升级，核心课题就一个： 如何用AIGC，像导演调度演员一样，精准控制“数字模特”的镜头情绪，并把它焊死在品牌基因里？ #nanobanana #AIGC #AI数字人 #虚拟人 #AI模特,douyin:favorites
douyin,让100块的图变1000块！实拍+合成！📷：車 💻：LTT 实拍+合成！100块的图秒变1000块！ #我的杂志大片 #赫本风穿搭 #人像摄影 #氛围感 #修图,https://www.douyin.com/video/7622356139037071268,https://p3-pc-sign.douyinpic.com/tos-cn-i-0813/okEEkUyADBOGImdRAAA7CLehBeBLIDITAEeIlX~noop.jpeg?lk3s=138a59ce&x-expires=1784016000&x-signature=aLWip2eS04YV%2BrLZohhnWJGDwQs%3D&from=327834062&s=PackSourceEnum_COLLECTION&se=false&biz_tag=pcweb_cover&l=20260630165417822EE4EF80C12A580970,🌈LTT-儿童写真婚纱Ai合成培训,2026-03-28,1168,70,367,326,让100块的图变1000块！实拍+合成！📷：車 💻：LTT 实拍+合成！100块的图秒变1000块！ #我的杂志大片 #赫本风穿搭 #人像摄影 #氛围感 #修图,douyin:favorites
douyin,我用AI做了一组春夏时尚大片。思路分享： 整体统一创作底层思路 1. 风格内核 法式极简高级时装杂志大片，北欧清冷禁欲高级审美，小众先锋解构西装穿搭，温柔奶油莫兰迪低饱和暖调色彩，复古胶片柯达金200电影质感，自然光户外纪实氛围感，清冷疏离超模情绪，无甜腻网红感，克制高级艺术时装摄影。 2. 构图与场景逻辑 • 构图：,https://www.douyin.com/video/7631531262205839610,https://p3-pc-sign.douyinpic.com/tos-cn-i-0813c000-ce/oUASpuEwowAiLiFpD3em19f8AJBFECAInAN0Eo~noop.jpeg?lk3s=138a59ce&x-expires=1784016000&x-signature=pEtCkqP9tvJ8f4a1KxeJGaco5g4%3D&from=327834062&s=PackSourceEnum_COLLECTION&se=false&biz_tag=pcweb_cover&l=20260630165417822EE4EF80C12A580970,LightNING,2026-04-22,4752,56,1775,1017,我用AI做了一组春夏时尚大片。思路分享： 整体统一创作底层思路 1. 风格内核 法式极简高级时装杂志大片，北欧清冷禁欲高级审美，小众先锋解构西装穿搭，温柔奶油莫兰迪低饱和暖调色彩，复古胶片柯达金200电影质感，自然光户外纪实氛围感，清冷疏离超模情绪，无甜腻网红感，克制高级艺术时装摄影。 2. 构图与场景逻辑 • 构图：竖版9:16黄金比例，中景全身人像，人物坐姿慵懒松弛肢体，侧身低角度氛围感取景，大量前后花草/建筑框架前景构图，景深虚化背景突出主体 • 场景：巴黎城市街道、欧式石质建筑庭院、荒野岩石园林、春日野花草坪、绿植灌木花径、清水混凝土极简墙面，自然野生花艺原生环境，人造高级时装与野生自然花草强烈反差碰撞 • 光影：纯粹柔和春日正午侧逆光，阳光发丝轮廓光，通透硬实自然光，干净明暗对比，无杂乱灯光阴影 3. 穿搭造型统一公式 Oversize宽肩廓形解构西装、垂坠缎面收腰长款风衣连衣裙、极简奶白/鹅黄/浅杏/炭黑低饱和纯色套装；垫肩直角肩高级剪裁，松弛垂坠面料肌理；搭配花艺头饰、颈部鲜花颈饰、头巾包发造型、极简未来感墨镜；冷白皮浅金发色贴头皮油头高盘发，极致干净面部留白，雀斑原生肌理高级妆造 4. 画质质感控制 8K超高清，极致皮肤面料发丝细节，复古胶片颗粒质感，柔和暗角，电影色分级，锐度高级柔和，商业时尚摄影超清画质，原生相机直出质感，无AI畸形瑕疵，五官结构精准写实 部分提,douyin:favorites
douyin,🌿我用ai给DIOR做的一组时尚大片。提示词分享： 1.拍摄参数 • 低角度仰拍中景人像构图 • 午后柔和侧逆光轮廓光，自然光单光源 • 镜头柔和虚化浅景深，无夸张畸变 • 画面无文字水印、无多余杂物 • 35mm富士400H胶片，细腻柔和颗粒画质 • 四角轻微自然暗角，肤色温润柔和曝光 2.人物描述 • 冷白皮金发,https://www.douyin.com/video/7649368354524027749,https://p3-pc-sign.douyinpic.com/tos-cn-i-0813c000-ce/osAA3lEQIEwq5iKfHBFeQmBOYfPB1AAKDEA9A8~noop.jpeg?lk3s=138a59ce&x-expires=1784016000&x-signature=7pGDBB1RAApJ6A%2FTCLkK0OwwQ6c%3D&from=327834062&s=PackSourceEnum_COLLECTION&se=false&biz_tag=pcweb_cover&l=20260630165417822EE4EF80C12A580970,Ruckil,2026-06-09,606,20,340,102,🌿我用ai给DIOR做的一组时尚大片。提示词分享： 1.拍摄参数 • 低角度仰拍中景人像构图 • 午后柔和侧逆光轮廓光，自然光单光源 • 镜头柔和虚化浅景深，无夸张畸变 • 画面无文字水印、无多余杂物 • 35mm富士400H胶片，细腻柔和颗粒画质 • 四角轻微自然暗角，肤色温润柔和曝光 2.人物描述 • 冷白皮金发高挑女超模 • 轻薄细碎发丝被微风扬起 • 珍珠花朵造型耳钉 • Dior米白色肌理粗花呢立领刺绣短外套+同面料超短半裙 • 黑色山茶花装饰玛丽珍粗跟高跟鞋 • 神态慵懒淡漠，松弛高级超模气场 3.动作与互动 • 屈膝侧身坐在岩石上 • 上半身微微后仰、头部轻抬上扬 • 一只手轻撑岩石支撑身体 • 微风带动发丝动态抓拍 4.环境与道具 • 浅灰调带薄云澄澈晴空 • 户外山野大块粗糙岩石台地 • 周边野生细茎荒草、低矮原生绿植 5.整体风格 • 法式田园奢侈高定时装大片 • 低饱和莫兰迪柔雾复古色调 • 高级成衣杂志实景写真质感 • 温柔静谧松弛轻奢风格 #aigc #DIOR #ai电商 #ai提示词 #ai服饰,douyin:favorites
douyin,我用ai做了一组商业大片。捏了一个数字人，衣服是穿的客户的 思路分享： 一、核心风格与调性 旷野复古质感 × 松弛时装大片 × 低饱和胶片纪实 • 情绪基调：疏离沉静、野性松弛、克制内敛，带着自然原生的钝感自由 • 视觉调性：暗调森林绿棕底色，复古粗颗粒胶片，柔和漫射自然光，拒绝鲜亮网红磨皮滤镜 • 穿搭调性：极简垂坠,https://www.douyin.com/video/7650498422688785138,https://p3-pc-sign.douyinpic.com/tos-cn-i-0813/owgGUWAz85LABEsWeR9BeNAAICEpwjAQDAeL7H~noop.jpeg?lk3s=138a59ce&x-expires=1784016000&x-signature=hcGsUS22kPW4GwOqF%2FIkATR%2Bs8A%3D&from=327834062&s=PackSourceEnum_COLLECTION&se=false&biz_tag=pcweb_cover&l=20260630165417925C9B50AB8E2B5F7C95,En Aigc,2026-06-12,2443,32,861,844,我用ai做了一组商业大片。捏了一个数字人，衣服是穿的客户的 思路分享： 一、核心风格与调性 旷野复古质感 × 松弛时装大片 × 低饱和胶片纪实 • 情绪基调：疏离沉静、野性松弛、克制内敛，带着自然原生的钝感自由 • 视觉调性：暗调森林绿棕底色，复古粗颗粒胶片，柔和漫射自然光，拒绝鲜亮网红磨皮滤镜 • 穿搭调性：极简垂坠剪裁，丝绒/雪纺/肌理皮质面料，精致都市时装碰撞山野氛围 • 场景调性：原始松林、苔藓林地、复古旧车、极简金属露台，打造都市人遁入林间独处氛围 图2配文 二、从0到1完整AI创作逻辑 1. 底层核心：先锁统一视觉体系，再做单图叙事微调 整套图不靠随机生成，固定元素做风格锚点，变换穿搭场景丰富故事，全组画风统一 【全组固定核心元素】 • 人物：冷白皮、贴皮油亮短黑发、骨感超模脸、浅雀斑、寡淡放空无夸张表情 • 姿态：躺、靠、倚、静立舒展体态，摒弃僵硬摆拍姿势 图3配文 2. AI生成实操技术要点 • 角色统一：固定Seed值，锁定模特五官骨相发型，全程脸型气质不崩坏 • 提示词复用：共用一套核心正向Prompt，只替换穿搭场景构图，稳住整体画风 • 细节加固：强制标注雀斑皮肤肌理、面料褶皱、苔藓树干纹理、胶片颗粒，规避AI塑料糊感 • 负面避坑：批量排除高饱和、甜笑、畸形五官、重度磨皮、过锐画质 • 后期校准：统一绿棕复古调色，叠加胶片颗粒，修补细微瑕疵，整套质感完全均,douyin:favorites
douyin,白天向着太阳，晚上磕瓜子儿聊天。⚠️Ai做的不是真人，但热情是真的。 #aigc #ai摄影 #春天就要likeaflower #每一帧都是自由的样子 #抖音摄影美学大赏,https://www.douyin.com/video/7495409784959536441,https://p3-pc-sign.douyinpic.com/tos-cn-i-0813c000-ce/oo0AeiFDQELEoAie5E9IYyEAAAAAwmfAdWCBiv~noop.jpeg?lk3s=138a59ce&x-expires=1784016000&x-signature=EAxX56lFJgqClxGAFe9gM8ueNxM%3D&from=327834062&s=PackSourceEnum_COLLECTION&se=false&biz_tag=pcweb_cover&l=20260630165417925C9B50AB8E2B5F7C95,林小邪,2025-04-20,1093,29,274,214,白天向着太阳，晚上磕瓜子儿聊天。⚠️Ai做的不是真人，但热情是真的。 #aigc #ai摄影 #春天就要likeaflower #每一帧都是自由的样子 #抖音摄影美学大赏,douyin:favorites
douyin,AIGC 玩转摄影光影动态美学。今天分享让你的ai图片告别“塑料感”“AI感”的秘密！ 没错，就是光影的塑造，另外，还有一招，就是摄影的秘密技能—动态模糊 #AIGC #ai摄影写真 #gpt4 #image2 #ai数字人,https://www.douyin.com/video/7633031297133480305,https://p3-pc-sign.douyinpic.com/tos-cn-i-0813c000-ce/oIAJAF3bc6TQfFEAyHDf9IXXO2e7EhFgAYgBMo~noop.jpeg?lk3s=138a59ce&x-expires=1784016000&x-signature=QNXlRyjbZdr%2FCpE83fpoztPu%2FK0%3D&from=327834062&s=PackSourceEnum_COLLECTION&se=false&biz_tag=pcweb_cover&l=20260630165417925C9B50AB8E2B5F7C95,沐川.Mr,2026-04-26,481,20,422,81,AIGC 玩转摄影光影动态美学。今天分享让你的ai图片告别“塑料感”“AI感”的秘密！ 没错，就是光影的塑造，另外，还有一招，就是摄影的秘密技能—动态模糊 #AIGC #ai摄影写真 #gpt4 #image2 #ai数字人,douyin:favorites
douyin,别看！别学！。我怕你一分钟GET到了岩井俊二美学AI提示词 #AIGC #midjourney #ai提示词 #日系电影感 #岩井俊二,https://www.douyin.com/video/7653027238241242368,https://p3-pc-sign.douyinpic.com/tos-cn-i-dy/eece70a68d894713a27fc826b981f6f2~noop.jpeg?lk3s=138a59ce&x-expires=1784016000&x-signature=1G9DKSA6xh5E%2BQyt8E8zx9uFLN8%3D&from=327834062&s=PackSourceEnum_COLLECTION&se=false&biz_tag=pcweb_cover&l=20260630165417925C9B50AB8E2B5F7C95,✂️奥利oli,2026-06-19,5277,25,4640,710,别看！别学！。我怕你一分钟GET到了岩井俊二美学AI提示词 #AIGC #midjourney #ai提示词 #日系电影感 #岩井俊二,douyin:favorites
douyin,做一些先锋感Ai摄影·Part 2。分享一些AI人像去“塑料AI感”、增加真人真实感的Tips： 分提示词写法、五官皮肤细节、光影构图、瑕疵生活化、后期微调五大块， 一、提示词核心：主动加入真人独有的不完美细节 AI天生爱生成完美无瑕的流水线脸，你要反向写瑕疵，打破塑料感 1. 皮肤纹理关键词（杜绝磨皮假脸） 必加：真,https://www.douyin.com/video/7650828672374536827,https://p3-pc-sign.douyinpic.com/tos-cn-i-0813c000-ce/o4mUFtGAEeBFpANAFgEEWf0A7gJaDJApBf7IJQ~noop.jpeg?lk3s=138a59ce&x-expires=1784016000&x-signature=yDqikiGb%2FkP02MKEOrOHLzvhBo4%3D&from=327834062&s=PackSourceEnum_COLLECTION&se=false&biz_tag=pcweb_cover&l=20260630165417925C9B50AB8E2B5F7C95,LightNING,2026-06-13,22476,180,7299,3542,做一些先锋感Ai摄影·Part 2。分享一些AI人像去“塑料AI感”、增加真人真实感的Tips： 分提示词写法、五官皮肤细节、光影构图、瑕疵生活化、后期微调五大块， 一、提示词核心：主动加入真人独有的不完美细节 AI天生爱生成完美无瑕的流水线脸，你要反向写瑕疵，打破塑料感 1. 皮肤纹理关键词（杜绝磨皮假脸） 必加：真实人类皮肤肌理、轻微毛孔、鼻翼泛红、眼下淡淡青黑、脸颊自然红血丝、细微泪沟、少量淡淡的雀斑、唇周暗沉、皮肤轻微油脂反光（T区微微出油） 不要写：无瑕肌肤、零毛孔、完美嫩肤 2. 五官不完美细节，真人没有对称五官 添加：左右眼轻微大小不一、眉毛疏密不对称、嘴角一高一低、鼻梁轻微不对称、睫毛长短错落不齐、牙齿轻微错落、嘴唇边缘不规整 发型：碎发、毛躁飞丝、几缕乱发贴额头、发际线细碎胎毛 3. 生活化人体瑕疵，消除僵硬建模身材 轻微颈纹、手臂浅浅血管、指关节褶皱、手腕细纹、锁骨不完美、腰腹一点点自然软组织、腿部轻微皮肤纹理、手指长短不对称、指甲有自然磨损痕迹 4. 神态&动态，拒绝僵硬模板脸 避免标准微笑，多用：放空呆滞眼神、半垂眼皮、嘴唇微张、轻微咬唇、眼神轻微涣散、脸部肌肉松弛、动态模糊发丝、风吹拉扯皮肤的轻微形变、肩颈不刻意挺直（轻微含肩更真人） 5. 摄影关键词，绑定真实相机质感 相机型号：Shot on Portra400 / Kodak Gold 200胶片、i,douyin:favorites
douyin,chatgpt下载教程在@忘忧. “金源引擎美学”该风格诞生于90年代PC硬件限制，由低多边形建模、低分辨率纹理和棱角分明的场景结构共同构成，呈现出一种粗粝、硬朗的年代质感 。#image-2 #ChatGPT #金源引擎 #复古 #提示词,https://www.douyin.com/video/7644601926421060795,https://p3-pc-sign.douyinpic.com/tos-cn-i-0813c000-ce/oUAAiIAbXZUAeQ3EeXIxELLB7J2GPgb82EeASP~noop.jpeg?lk3s=138a59ce&x-expires=1784016000&x-signature=u%2BBKPGdxP6BJCQKC0fDcOzy3oGE%3D&from=327834062&s=PackSourceEnum_COLLECTION&se=false&biz_tag=pcweb_cover&l=20260630165417925C9B50AB8E2B5F7C95,再看,2026-05-27,48463,1278,9635,5334,chatgpt下载教程在@忘忧. “金源引擎美学”该风格诞生于90年代PC硬件限制，由低多边形建模、低分辨率纹理和棱角分明的场景结构共同构成，呈现出一种粗粝、硬朗的年代质感 。#image-2 #ChatGPT #金源引擎 #复古 #提示词,douyin:favorites
douyin,ai拯救废片 #ai #ai拯救废片,https://www.douyin.com/video/7633449666751573349,https://p9-pc-sign.douyinpic.com/tos-cn-i-0813c000-ce/ocB2EoNgABAgd6AAA9i8Ee0ADAawdCMeIoPxvi~noop.jpeg?lk3s=138a59ce&x-expires=1784016000&x-signature=7EetxHxG%2FWApuVnWtKBULmY3oUQ%3D&from=327834062&s=PackSourceEnum_COLLECTION&se=false&biz_tag=pcweb_cover&l=20260630165417925C9B50AB8E2B5F7C95,码头找美刀,2026-04-27,64573,1403,35924,18924,ai拯救废片 #ai #ai拯救废片,douyin:favorites
douyin,“让gpt拿着相机去扫街”#gpt #gptimage2 #赛博扫街 #ai摄影 #ai生图哪有不疯的 突发奇想，尝试了一下,https://www.douyin.com/video/7633459033614295139,https://p3-pc-sign.douyinpic.com/tos-cn-i-0813c001/osTefC0TCgAeeOoQaNAxWfootAewAvAgA0Y4ege~noop.jpeg?lk3s=138a59ce&x-expires=1784016000&x-signature=%2BZG8BMO7DIJBLliDm51sTtfNWEc%3D&from=327834062&s=PackSourceEnum_COLLECTION&se=false&biz_tag=pcweb_cover&l=20260630165417925C9B50AB8E2B5F7C95,C锥儿2020,2026-04-27,868,25,95,556,“让gpt拿着相机去扫街”#gpt #gptimage2 #赛博扫街 #ai摄影 #ai生图哪有不疯的 突发奇想，尝试了一下,douyin:favorites
douyin,GPT太权威了。#群像#胶片#image2#ai,https://www.douyin.com/video/7634124223107849723,https://p3-pc-sign.douyinpic.com/tos-cn-i-0813c000-ce/okAl2HjoBIDzOx0bAZiAeTeOkEPV0AEEibwIAf~noop.jpeg?lk3s=138a59ce&x-expires=1784016000&x-signature=0lEz6dy7g0Aefb2YgB3lgKAAv78%3D&from=327834062&s=PackSourceEnum_COLLECTION&se=false&biz_tag=pcweb_cover&l=20260630165417925C9B50AB8E2B5F7C95,阴天快乐,2026-04-29,9519,196,5116,2195,GPT太权威了。#群像#胶片#image2#ai,douyin:favorites
douyin,image2生成人物面部特写夯爆了。#gpt #Image2 #ai #ai生成 #日系写真,https://www.douyin.com/video/7645580289376357674,https://p3-pc-sign.douyinpic.com/tos-cn-i-dy/eb0516c77f844ff78ac5b36b5ade0eb5~noop.jpeg?lk3s=138a59ce&x-expires=1784016000&x-signature=uqK0ej%2FV20gF1M5Oe4eXvZ%2F2jcA%3D&from=327834062&s=PackSourceEnum_COLLECTION&se=false&biz_tag=pcweb_cover&l=20260630165417925C9B50AB8E2B5F7C95,栗子AIGC,2026-05-30,121,11,80,17,image2生成人物面部特写夯爆了。#gpt #Image2 #ai #ai生成 #日系写真,douyin:favorites
douyin,image2生成人物面部特写还是太权威了。#超写实主义 #超清画质 #GPT #image2,https://www.douyin.com/video/7644609011996910554,https://p3-pc-sign.douyinpic.com/tos-cn-i-0813/oUbMInCqAgAQiA9cAEfkfA4AukDDFFisxCGNJA~noop.jpeg?lk3s=138a59ce&x-expires=1784016000&x-signature=L%2BO1iKZ7ClOo%2FRK33AfGam96U7s%3D&from=327834062&s=PackSourceEnum_COLLECTION&se=false&biz_tag=pcweb_cover&l=20260630165418DA96B3CDC47D8F54D9F0,Z可乐.,2026-05-27,3125,263,779,565,image2生成人物面部特写还是太权威了。#超写实主义 #超清画质 #GPT #image2,douyin:favorites
douyin,Image2生图模型有点离谱了啊。Mj 定审美 + Image2 出图 + 豆包分镜 + sd2.0生视频 不得是王炸 #ai #设计 #提示词#image2,https://www.douyin.com/video/7633368800339037490,https://p3-pc-sign.douyinpic.com/tos-cn-i-dy/19d30215dce54557988748fe0fda1f41~noop.jpeg?lk3s=138a59ce&x-expires=1784016000&x-signature=jNo6UUcj7immhI6yBP9q3SICTb8%3D&from=327834062&s=PackSourceEnum_COLLECTION&se=false&biz_tag=pcweb_cover&l=20260630165418DA96B3CDC47D8F54D9F0,始努比,2026-04-27,170,20,56,29,Image2生图模型有点离谱了啊。Mj 定审美 + Image2 出图 + 豆包分镜 + sd2.0生视频 不得是王炸 #ai #设计 #提示词#image2,douyin:favorites
douyin,如果地球有自己的花语 #vibecoding,https://www.douyin.com/video/7614351761827042266,https://p3-pc-sign.douyinpic.com/tos-cn-p-0015/o8AK9pnkQiIJWWErdaBAITPcFP8aBuhGAigEi~tplv-dy-cropcenter:323:430.jpeg?lk3s=138a59ce&x-expires=2098166400&x-signature=skNqDnVGRu2s79iTPYRH3XG9aRk%3D&from=327834062&s=PackSourceEnum_COLLECTION&se=true&sh=323_430&sc=cover&biz_tag=pcweb_cover&l=20260630165418DA96B3CDC47D8F54D9F0,麻省理工Rui同学,2026-03-07,126000,1992,29247,25958,如果地球有自己的花语 #vibecoding,douyin:favorites
douyin,Vibecoding大赏 | 以防你没用过我做的App，现在开始展示！ @抖音科技 #饮食记录 #吃一点App #健康减脂 #ai新星计划 #vibecoding大赏,https://www.douyin.com/video/7646817970141019003,https://p3-pc-sign.douyinpic.com/tos-cn-p-0015c000-ce/ooIeQCmst9geA2GQfLo8e4XjCdPHJIEAwpeGLM~tplv-dy-cropcenter:323:430.jpeg?lk3s=138a59ce&x-expires=2098166400&x-signature=TaVVr%2ByYStU9%2Bcy8aQ9pX%2FsXkD4%3D&from=327834062&s=PackSourceEnum_COLLECTION&se=true&sh=323_430&sc=cover&biz_tag=pcweb_cover&l=20260630165418DA96B3CDC47D8F54D9F0,Kite快跑,2026-06-02,13105,429,3390,1912,Vibecoding大赏 | 以防你没用过我做的App，现在开始展示！ @抖音科技 #饮食记录 #吃一点App #健康减脂 #ai新星计划 #vibecoding大赏,douyin:favorites
douyin,绝了！CC全程盯着，Codex再也不敢乱写！ Claude Code 作监督者，Codex 干活儿：用 tasks.md 记过程（动态日志+重试），feature_list.json 管结果（passes=true 仅验证后）。双保险防跑偏/作弊，含 run-folder 证据包（task.md + run.sh + ,https://www.douyin.com/video/7606677166809517354,https://p3-pc-sign.douyinpic.com/tos-cn-i-dy/fac0a7855c2342fca330fa09506cc3bb~tplv-dy-cropcenter:323:430.jpeg?lk3s=138a59ce&x-expires=2098166400&x-signature=AfjOzO91cjEfaPkPMmD06B6i%2F2Q%3D&from=327834062&s=PackSourceEnum_COLLECTION&se=true&sh=323_430&sc=cover&biz_tag=pcweb_cover&l=20260630165418DA96B3CDC47D8F54D9F0,她笑中藏泪花,2026-02-14,6909,207,6998,1295,绝了！CC全程盯着，Codex再也不敢乱写！ Claude Code 作监督者，Codex 干活儿：用 tasks.md 记过程（动态日志+重试），feature_list.json 管结果（passes=true 仅验证后）。双保险防跑偏/作弊，含 run-folder 证据包（task.md + run.sh + 截图），支持 CLI/GUI/MIXED。配置 MCP + skills，即可全自动迭代开发，防上下文爆炸，Git 确权存档。,douyin:favorites
douyin,截屏相册自动化分类的研究与尝试 分享下最近在做的vibe coding项目之一 #vibecoding #ai #ai编程 #claude #codex,https://www.douyin.com/video/7648528659229838406,https://p3-pc-sign.douyinpic.com/tos-cn-i-0813c001/o8sKK1gJfAIVWhBeAD9qhJCoEEACFAABCQAQk4~tplv-dy-cropcenter:323:430.jpeg?lk3s=138a59ce&x-expires=2098166400&x-signature=T3fM5xmrWrLCd%2FvDVaKxIRkwAVw%3D&from=327834062&s=PackSourceEnum_COLLECTION&se=true&sh=323_430&sc=cover&biz_tag=pcweb_cover&l=20260630165418DA96B3CDC47D8F54D9F0,吴铁蛋,2026-06-07,82,8,42,11,截屏相册自动化分类的研究与尝试 分享下最近在做的vibe coding项目之一 #vibecoding #ai #ai编程 #claude #codex,douyin:favorites
douyin,支持选择照片，数据不保存，全部是加载本地的#vibecoding #vibecoding大赏 #claude #ai新星计划 #codex,https://www.douyin.com/video/7645672779529850166,https://p3-pc-sign.douyinpic.com/tos-cn-i-dy/023177765b31470aa6bd19121edcfeb6~tplv-dy-cropcenter:323:430.jpeg?lk3s=138a59ce&x-expires=2098166400&x-signature=eWYy2redrGydVJM5%2BBwoDQUW0kg%3D&from=327834062&s=PackSourceEnum_COLLECTION&se=true&sh=323_430&sc=cover&biz_tag=pcweb_cover&l=20260630165418DA96B3CDC47D8F54D9F0,ℳ๓Meζั℘,2026-05-30,13,7,2,0,支持选择照片，数据不保存，全部是加载本地的#vibecoding #vibecoding大赏 #claude #ai新星计划 #codex,douyin:favorites
douyin,设计师 AI 做审美高的网页UI：4个Skills和工作流 #技术分享 #codex #skills #设计灵感 #UI设计,https://www.douyin.com/video/7650390058733669683,https://p3-pc-sign.douyinpic.com/tos-cn-i-dy/70c19b2699e0429498e9040793bd1c94~tplv-dy-cropcenter:323:430.jpeg?lk3s=138a59ce&x-expires=2098166400&x-signature=aTIpk%2BaB7cT6SGcyimxQ%2BV1Ghh8%3D&from=327834062&s=PackSourceEnum_COLLECTION&se=true&sh=323_430&sc=cover&biz_tag=pcweb_cover&l=20260630165418DA96B3CDC47D8F54D9F0,西瓜同学🍉,2026-06-12,2869,85,3898,647,设计师 AI 做审美高的网页UI：4个Skills和工作流 #技术分享 #codex #skills #设计灵感 #UI设计,douyin:favorites
douyin,你相信这是Codex完成的吗 #vibecoding #codex #vibecoding大赏,https://www.douyin.com/video/7653844630240234786,https://p3-pc-sign.douyinpic.com/tos-cn-i-dy/5230ac642d2148789c6b1dd69a510cb4~tplv-dy-cropcenter:323:430.jpeg?lk3s=138a59ce&x-expires=2098166400&x-signature=YiapmNoQmPcI5%2Fe8twzDDA4owcA%3D&from=327834062&s=PackSourceEnum_COLLECTION&se=true&sh=323_430&sc=cover&biz_tag=pcweb_cover&l=20260630165418DA96B3CDC47D8F54D9F0,太阳Ai实验室,2026-06-21,35309,1212,11598,7083,你相信这是Codex完成的吗 #vibecoding #codex #vibecoding大赏,douyin:favorites
douyin,AI 建站流｜电影感网页，普通人也能照着做 最近很多人被 Claude Code 卡住， 就会下意识觉得：那我是不是做不了了。 但其实，要做出效果好的网页，拼的从来不只是你有没有用到最新模型。 真正有用的是这套流程： 1. 先定 landing page 的参考结构 2. 再备好人物、流体、动态视频这些素材 3. 用 ,https://www.douyin.com/video/7629481757036858633,https://p3-pc-sign.douyinpic.com/tos-cn-i-dy/7061d3735f9247959066e8a263a3e996~tplv-dy-cropcenter:323:430.jpeg?lk3s=138a59ce&x-expires=2098166400&x-signature=LS787s1k%2FqyEkuAc7p6EExicdU4%3D&from=327834062&s=PackSourceEnum_COLLECTION&se=true&sh=323_430&sc=cover&biz_tag=pcweb_cover&l=20260630165418DA96B3CDC47D8F54D9F0,设计师言炎,2026-04-17,14868,63,13580,2553,AI 建站流｜电影感网页，普通人也能照着做 最近很多人被 Claude Code 卡住， 就会下意识觉得：那我是不是做不了了。 但其实，要做出效果好的网页，拼的从来不只是你有没有用到最新模型。 真正有用的是这套流程： 1. 先定 landing page 的参考结构 2. 再备好人物、流体、动态视频这些素材 3. 用 Gemini 把网站骨架先跑出来 4. 再把素材按 section 一块块替进去修质感 工具一直在换， 但真正会用AI的人，通常都不会被困太久。 #vibecoding #AI教程 #AI建站 #AIGC #gemini,douyin:favorites
douyin,【VibeCoding大赏】我做了个VibeCoding雷达 ：帮你找到第一个值得做的项目 #vibecoding大赏 #AI新星计划 #AI,https://www.douyin.com/video/7648352811847011610,https://p3-pc-sign.douyinpic.com/tos-cn-i-dy/ce891691d611428aadd5ba2ccfbb213a~tplv-dy-cropcenter:323:430.jpeg?lk3s=138a59ce&x-expires=2098166400&x-signature=SU5CBOcSS4l50gzontU9KyYjCZ8%3D&from=327834062&s=PackSourceEnum_COLLECTION&se=true&sh=323_430&sc=cover&biz_tag=pcweb_cover&l=202606301654207648852CED8731110D20,晓白和林亦,2026-06-07,16512,589,7263,1296,【VibeCoding大赏】我做了个VibeCoding雷达 ：帮你找到第一个值得做的项目 #vibecoding大赏 #AI新星计划 #AI,douyin:favorites
douyin,用Image 2 + Codex，做手势控制网站交互 这期用 Image 2 + 视频生成 + Codex + Mediapipe，做了一个单手控制的折纸人物网站交互。 先生成折纸人物和纸团两张关键帧，再生成角色折叠动画，最后让 Codex 接入摄像头手势识别。 手指收拢，人物被压缩成纸团；手掌张开，角色沿着折痕重新展,https://www.douyin.com/video/7653370323491884330,https://p9-pc-sign.douyinpic.com/tos-cn-i-dy/b5db7ef0fa514cd99428da38bed73a5f~tplv-dy-cropcenter:323:430.jpeg?lk3s=138a59ce&x-expires=2098166400&x-signature=gW4yNOrwKGHHvdPTy%2BqgnXmzwvI%3D&from=327834062&s=PackSourceEnum_COLLECTION&se=true&sh=323_430&sc=cover&biz_tag=pcweb_cover&l=202606301654207648852CED8731110D20,七的三次方,2026-06-20,1269,21,1015,125,用Image 2 + Codex，做手势控制网站交互 这期用 Image 2 + 视频生成 + Codex + Mediapipe，做了一个单手控制的折纸人物网站交互。 先生成折纸人物和纸团两张关键帧，再生成角色折叠动画，最后让 Codex 接入摄像头手势识别。 手指收拢，人物被压缩成纸团；手掌张开，角色沿着折痕重新展开。 适合科技官网、AI 交互作品集和创意网页动效参考。 #Vibecoding大赏 #mediapipe #codex #image2 #AI,douyin:favorites
douyin,你能相信克劳德做了这个吗？ #vibecoding大赏,https://www.douyin.com/video/7651587730421452083,https://p3-pc-sign.douyinpic.com/tos-cn-i-dy/4042c75befa3458db447689fe90f5941~tplv-dy-cropcenter:323:430.jpeg?lk3s=138a59ce&x-expires=2098166400&x-signature=vPsYc1frMJ1uWYmJcCmX21axjSM%3D&from=327834062&s=PackSourceEnum_COLLECTION&se=true&sh=323_430&sc=cover&biz_tag=pcweb_cover&l=202606301654207648852CED8731110D20,太阳Ai实验室,2026-06-15,4008,195,1928,856,你能相信克劳德做了这个吗？ #vibecoding大赏,douyin:favorites
douyin,我的记忆具像化了#AI #vibecoding #AI产品 #gemini #AI新星计划,https://www.douyin.com/video/7621414148248726137,https://p3-pc-sign.douyinpic.com/tos-cn-i-0813c000-ce/o8E7k9CpYxEsPFiheBDD8wAAnnEfAJAA8IAaEL~tplv-dy-cropcenter:323:430.jpeg?lk3s=138a59ce&x-expires=2098166400&x-signature=vvPrChlY83kRK4lAwW%2BFePHndQo%3D&from=327834062&s=PackSourceEnum_COLLECTION&se=true&sh=323_430&sc=cover&biz_tag=pcweb_cover&l=202606301654207648852CED8731110D20,mmguo,2026-03-26,2687,123,1449,750,我的记忆具像化了#AI #vibecoding #AI产品 #gemini #AI新星计划,douyin:favorites
douyin,法国摄影师 V. B的色彩与构图秘籍。📸 Viktor Balaguer，这位法国摄影师，常年定居于圣彼得堡，用镜头记录城市的每个瞬间，他的摄影风格以电影质感和叙事性著称。他善于运用光影和色彩，营造出深沉而富有情感的氛围，他的作品常常呈现出一种怀旧的色调，仿佛带领观众穿越时光，感受城市的历史与人文气息。 Viktor,https://www.douyin.com/video/7467970906325880124,https://p3-pc-sign.douyinpic.com/tos-cn-i-0813c000-ce/okveIwiPNGA4FMA0AiLzmseAFH6ALTrjQeefHI~noop.jpeg?lk3s=138a59ce&x-expires=1784016000&x-signature=rhxrhOVkxvakeaZVVPH5ChaVPiU%3D&from=327834062&s=PackSourceEnum_COLLECTION&se=false&biz_tag=pcweb_cover&l=202606301654207648852CED8731110D20,Ozymandias_董仲侗,2025-02-05,673,6,113,119,法国摄影师 V. B的色彩与构图秘籍。📸 Viktor Balaguer，这位法国摄影师，常年定居于圣彼得堡，用镜头记录城市的每个瞬间，他的摄影风格以电影质感和叙事性著称。他善于运用光影和色彩，营造出深沉而富有情感的氛围，他的作品常常呈现出一种怀旧的色调，仿佛带领观众穿越时光，感受城市的历史与人文气息。 Viktor Balaguer 擅长使用中长焦段镜头进行拍摄，保持与被摄者的自然距离，捕捉生活中未被察觉的瞬间。他的构图充满电影感，善于运用对称结构、引导线和框架构图，巧妙地将观众的视线引导到画面主体。常见的低角度和高角度拍摄，增强了画面的空间感和层次感。 他的作品色调偏向冷暖对比，突出环境氛围。常用复古、低饱和色彩营造一种怀旧与沉静的情绪，同时通过光影的变化制造戏剧性的视觉冲击。Balaguer 善于利用自然光和街头光源，形成光与影的对话，增强画面的情绪表达。 #电影感镜头 #氛围感 #每一帧都是热爱 #胶片 #调色,douyin:favorites
douyin,提高审美，摄影师一定要知道的摄影📷网站 各位小伙伴，大家好。 马上就过端午了，在此期间各位小伙伴🉑以在家好好学习摄影构图，调色等知识 如果你的技术遇到了瓶颈期，不知道拍什么样的网站，可以好好看看我这期内容哦😁 #抖音图文来了 #抖音图文 #抖音图文扶持计划 #相机 #摄影 #拍照 #春日图文伙伴计划,https://www.douyin.com/video/7103447719011683614,https://p3-pc-sign.douyinpic.com/tos-cn-i-0813/b02f3d2015a249a9b64476dd5ca88f42~noop.jpeg?lk3s=138a59ce&x-expires=1784016000&x-signature=TSwDqFanzOG%2Bqd5ukVaQrTjx5Ns%3D&from=327834062&s=PackSourceEnum_COLLECTION&se=false&biz_tag=pcweb_cover&l=202606301654207648852CED8731110D20,赵中凯摄影教学（课程招生中）,2022-05-30,26435,743,12527,2127,提高审美，摄影师一定要知道的摄影📷网站 各位小伙伴，大家好。 马上就过端午了，在此期间各位小伙伴🉑以在家好好学习摄影构图，调色等知识 如果你的技术遇到了瓶颈期，不知道拍什么样的网站，可以好好看看我这期内容哦😁 #抖音图文来了 #抖音图文 #抖音图文扶持计划 #相机 #摄影 #拍照 #春日图文伙伴计划,douyin:favorites
douyin,"VibeCoding大赏 | 我把 AI 的审批做到了 Apple Watch 上⌚ 摸鱼到一半,Claude 突然要删文件夹,我抬手点了个「允许」,它接着干活,我接着摸🐟 危险命令才震手表,读文件搜代码全自动放行 跑完了一震、额度烧完也一震,全程不用守终端#vibecoding大赏 #ai新星计划 #claudec",https://www.douyin.com/video/7650112014815456498,https://p3-pc-sign.douyinpic.com/tos-cn-i-0813/ooIjvWWIQBviAoq5Pq2FiAajiABRqdAbBEdAA~noop.jpeg?lk3s=138a59ce&x-expires=1784016000&x-signature=E51bQ1coa2kV9OU07pm8rQv%2FLTg%3D&from=327834062&s=PackSourceEnum_COLLECTION&se=false&biz_tag=pcweb_cover&l=202606301654207648852CED8731110D20,algg,2026-06-11,7866,289,3559,2401,"VibeCoding大赏 | 我把 AI 的审批做到了 Apple Watch 上⌚ 摸鱼到一半,Claude 突然要删文件夹,我抬手点了个「允许」,它接着干活,我接着摸🐟 危险命令才震手表,读文件搜代码全自动放行 跑完了一震、额度烧完也一震,全程不用守终端#vibecoding大赏 #ai新星计划 #claudecode #codex #applewatch @抖音科技",douyin:favorites
douyin,「VibeCoding大赏」我做的 5 个好玩项目！ 很多人问我 vibe coding 都做了些什么。今天先分享 5 个我觉得很好玩的。 ① 复古 3D 黑胶唱片 尝试复刻了「谜底黑胶」APP，4 小时跑出来，可以上下滑动查看 3D 黑胶唱片，也可以播放音乐。 ② 照片刮刮乐 上传一张照片，鼠标划过会分裂成密密麻麻的,https://www.douyin.com/video/7646019175677632191,https://p3-pc-sign.douyinpic.com/tos-cn-i-0813c001/osBqC4kAEteFSAOADg8IHgvA93xSDAA6Af0QDN~tplv-dy-cropcenter:323:430.jpeg?lk3s=138a59ce&x-expires=2098166400&x-signature=VvPT%2FcAt8Fw2Oe0mjtdFDyJDIP0%3D&from=327834062&s=PackSourceEnum_COLLECTION&se=true&sh=323_430&sc=cover&biz_tag=pcweb_cover&l=202606301654207648852CED8731110D20,嗨妮好,2026-05-31,1401,24,720,143,「VibeCoding大赏」我做的 5 个好玩项目！ 很多人问我 vibe coding 都做了些什么。今天先分享 5 个我觉得很好玩的。 ① 复古 3D 黑胶唱片 尝试复刻了「谜底黑胶」APP，4 小时跑出来，可以上下滑动查看 3D 黑胶唱片，也可以播放音乐。 ② 照片刮刮乐 上传一张照片，鼠标划过会分裂成密密麻麻的泡泡，还原成接近原图的效果。 ③ 小猫激光笔 让小猫的眼睛跟着鼠标走，点哪它看哪。 ④ 撕拉照片回忆 上传照片，长按屏幕，一层一层把照片撕开。 ⑤ 卡点视频生成器 上传几十张照片，10 秒内自动生成一段砖块卡点视频。 做完这些视频，我的感受是，vibe coding 真的让人上瘾。我以前脑子里有想法但不会写代码，没办法实现。现在所有想法都能通过 coding agent 做出来。如果你也有想做的东西，赶紧 vibe coding 起来吧！ #vibecoding大赏 #ai新星计划 @抖音科技 #vibecoding #claudecode #codex,douyin:favorites
douyin,想看看大家Vibe Coding的作品，本官方给流量扶持！ 我看到越来越多用户开始晒 vibecoding 作品，有人做了一个生活小工具、一个社交产品，也有人在评论区里晒页面、晒交互、晒灵感……它们未必成熟，未必完美，或许还很粗糙。 我想让每一份认真做出来的作品，都拥有一次被正式展示、被看见的机会，所以【VibeCod,https://www.douyin.com/video/7642317575858257535,https://p3-pc-sign.douyinpic.com/tos-cn-i-0813c001/o0IXxA2DECAevIAOAoAAsef4MIL329OGeoCrnc~noop.jpeg?lk3s=138a59ce&x-expires=1784016000&x-signature=%2FfugxvJzINiRYuGkKFe7ebvSy8s%3D&from=327834062&s=PackSourceEnum_COLLECTION&se=false&biz_tag=pcweb_cover&l=202606301654207648852CED8731110D20,抖音科技,2026-05-21,27249,2011,6884,3112,想看看大家Vibe Coding的作品，本官方给流量扶持！ 我看到越来越多用户开始晒 vibecoding 作品，有人做了一个生活小工具、一个社交产品，也有人在评论区里晒页面、晒交互、晒灵感……它们未必成熟，未必完美，或许还很粗糙。 我想让每一份认真做出来的作品，都拥有一次被正式展示、被看见的机会，所以【VibeCoding大赏】启动！ 【活动时间】：即日起至 6月30日（已延长至8月31日，敬请期待更多流量） 【活动主页】：点击 #vibecoding大赏 直达 【参与方式】 ①带话题 #vibecoding大赏 #ai新星计划 并 @抖音科技 ②标题以「VibeCoding大赏」开头更容易被官方看到 【投稿方向】：展示作品亮点、分享落地过程与思考 【发布形式】：图文/视频均可！！ *图文字数≥100字，图片≥3张；视频时长≥1分钟 【活动激励】： ①单条作品有机会获得 5-10W 官方流量扶持 ②优质作品会被官方翻牌，追投流量，上不封顶 #独立开发者 #vibecoding,douyin:favorites
douyin,VibeCoding大赏 | 把我十四年的歌单，蒸馏成AI 把我十四年的歌单，蒸馏成了AI电台🎧它叫Claudio #vibecoding #AI创作浪潮计划 #AI新星计划 #科技下一站 #vibecoding大赏,https://www.douyin.com/video/7631240906314063537,https://p3-pc-sign.douyinpic.com/tos-cn-i-0629/o0AFSJknGIDqyocVB3LAaNrTeEe2TABEI8AfO0~tplv-dy-cropcenter:323:430.jpeg?lk3s=138a59ce&x-expires=2098166400&x-signature=mE9s4z%2BuPzzlmw3VNmn3k5xwfTo%3D&from=327834062&s=PackSourceEnum_COLLECTION&se=true&sh=323_430&sc=cover&biz_tag=pcweb_cover&l=202606301654217648852CED8731110D64,mmguo,2026-04-21,93156,1877,41712,26413,VibeCoding大赏 | 把我十四年的歌单，蒸馏成AI 把我十四年的歌单，蒸馏成了AI电台🎧它叫Claudio #vibecoding #AI创作浪潮计划 #AI新星计划 #科技下一站 #vibecoding大赏,douyin:favorites
