platform,title,url,author,description,published_at,likes,comments,shares
douyin,早上睡醒就进入新流，一整天就就休息的时候吃了顿面。 #青年创作者成长计划 #vibecoding大赏 #Ai新星计划 #vibecodingjiaoxue #教程,https://www.douyin.com/video/7650916626107206955,北墓,05:45 777 早上睡醒就进入新流，一整天就就休息的时候吃了顿面。 #青年创作者成长计划 #vibecoding大赏 #Ai新星计划 #vibecodingjiaoxue #教程 @北墓 1天前,2026-06-14,777,,
douyin,【Claude Code】大学生第一次vibecoding！ 花了两个晚上用claude code做了一个自动化脚本竟然跑通并盈利了！#vibecoding#claude #macbook #vibecoding大赏,https://www.douyin.com/video/7650726740561652352,callmeifyougetlost,04:38 6725 【Claude Code】大学生第一次vibecoding！ 花了两个晚上用claude code做了一个自动化脚本竟然跑通并盈利了！#vibecoding#claude #macbook #vibecoding大赏 @callmeifyougetlost 2天前,2026-06-13,6725,,
douyin,废掉一个人最好的方式 就是让他不停vibe coding #vibe #vibecoding #ai #ai工具 #碎碎念博主,https://www.douyin.com/video/7647768029397686848,柚滋滋AI版,01:05 433 废掉一个人最好的方式 就是让他不停vibe coding #vibe #vibecoding #ai #ai工具 #碎碎念博主 @柚滋滋AI版 1周前,2026-06-08,433,,
douyin,边跑外卖边vibe coding 教程 #热点 #vibecoding #就业 #ai #外卖 #vibecoding大赏,https://www.douyin.com/video/7649722290413800710,挑眉哥,00:59 333 边跑外卖边vibe coding 教程 #热点 #vibecoding #就业 #ai #外卖 #vibecoding大赏 @挑眉哥 4天前,2026-06-11,333,,
douyin,人人都能vibecoding的时代？ #Vibecoding大赏 #AI新星计划,https://www.douyin.com/video/7650029992185541450,嘿腿子腿子（AI版）,03:00 4909 人人都能vibecoding的时代？ #Vibecoding大赏 #AI新星计划 @嘿腿子腿子（AI版） 3天前,2026-06-12,4909,,
douyin,还有很多人没有意识到vibe coding已经不是小众AI了#vibecoding大赏 #vibecoding #ai新星计划 #AIgc #认知,https://www.douyin.com/video/7650383367812222243,Ai破壁人小彭,00:41 138 还有很多人没有意识到vibe coding已经不是小众AI了#vibecoding大赏 #vibecoding #ai新星计划 #AIgc #认知 @Ai破壁人小彭 2天前,2026-06-13,138,,
douyin,「VibeCoding大赏」VibeCoding就该这么做！ #vibecoding大赏 #ai新星计划 #vibecoding @抖音科技,https://www.douyin.com/video/7649376081492888872,隔壁的程序员老王,13:16 4794 「VibeCoding大赏」VibeCoding就该这么做！ #vibecoding大赏 #ai新星计划 #vibecoding @抖音科技 @隔壁的程序员老王 5天前,2026-06-10,4794,,
douyin,从夯到拉锐评 “vibe coding产品创意” 啊！ #排名 #从夯到拉 #ai #vibecoding #程序员,https://www.douyin.com/video/7645917007707180340,吴所知,合集 02:01 556 从夯到拉锐评 “vibe coding产品创意” 啊！ #排名 #从夯到拉 #ai #vibecoding #程序员 @吴所知 1周前,2026-06-08,556,,
douyin,儿时理想中的课本成真了 #vibecoding #vibecoding大赏,https://www.douyin.com/video/7649745155822715795,哈维yao,01:35 357 儿时理想中的课本成真了 #vibecoding #vibecoding大赏 @哈维yao 4天前,2026-06-11,357,,
douyin,你们一直催更的最简单的vibe coding教程来啦！！！ #vibecoding #编程 #个人开发者 #小游戏 #AI 这次别再看我聪明绝顶了好伐,https://www.douyin.com/video/7646356967723683112,永垂不朽的高,06:00 53 你们一直催更的最简单的vibe coding教程来啦！！！ #vibecoding #编程 #个人开发者 #小游戏 #AI 这次别再看我聪明绝顶了好伐 @永垂不朽的高 1周前,2026-06-08,53,,
douyin,边送外卖边vibe coding是种什么体验 #vibecoding #外卖小哥 #实习 #就业 #vibecoding大赏,https://www.douyin.com/video/7647846191203355930,挑眉哥,03:14 6759 边送外卖边vibe coding是种什么体验 #vibecoding #外卖小哥 #实习 #就业 #vibecoding大赏 @挑眉哥 1周前,2026-06-08,6759,,
douyin,Vibe Coding最大的误会是Coding#codex #agent #ai智能体 #vibecoding #脑科学,https://www.douyin.com/video/7648126687263132934,奶牛Denny的播客,01:33 1.7万 Vibe Coding最大的误会是Coding#codex #agent #ai智能体 #vibecoding #脑科学 @奶牛Denny的播客 1周前,2026-06-08,1.7万,,
douyin,为什么你的 Vibe Coding 做不出高级感？ 为什么同样是AI 开发，别人做的页面看起来就很高级，而你的总是差一点感觉？ 其实不是你代码不行，而是你少做了一件事：设计系统搭建。 #Vibecoding #Vibecoding大赏 #真实生活分享计划 #AI新星计划 #AI新手村 @抖音科技,https://www.douyin.com/video/7649339285061606378,派大鑫,03:16 1.5万 为什么你的 Vibe Coding 做不出高级感？ 为什么同样是AI 开发，别人做的页面看起来就很高级，而你的总是差一点感觉？ 其实不是你代码不行，而是你少做了一件事：设计系统搭建。 #Vibecoding #Vibecoding大赏 #真实生活分享计划 #AI新星计划 #AI新手村 @抖音科技 @派大鑫 5天前,2026-06-10,1.5万,,
douyin,必坑指南！普通人搞vibe coding，到底要踩多少坑？ #ai #人工智能 #科技#胡彦斌app#vibecoding,https://www.douyin.com/video/7650417863769001267,AI琴报局分局,01:53 21 必坑指南！普通人搞vibe coding，到底要踩多少坑？ #ai #人工智能 #科技#胡彦斌app#vibecoding @AI琴报局分局 2天前,2026-06-13,21,,
douyin,Vibecoding变现：从想法到产品的必经之路 做Vibecoding想变现？手搓的工具不管是对外用还是展示，都得部署上线才行，来看看一个idea是怎么变成产品的～ #大模型 #ai新星计划 #vibecoding大赏 #AIagent #大模型实战,https://www.douyin.com/video/7649425941694261312,可燃AI,01:23 74 Vibecoding变现：从想法到产品的必经之路 做Vibecoding想变现？手搓的工具不管是对外用还是展示，都得部署上线才行，来看看一个idea是怎么变成产品的～ #大模型 #ai新星计划 #vibecoding大赏 #AIagent #大模型实战 @可燃AI 5天前,2026-06-10,74,,
douyin,我的vibe coding工作流 #vibecoding #ai #claude #codex #工作流 #vibecoding大赏,https://www.douyin.com/video/7646624256365397606,叫我LetterGen啦,06:42 3855 我的vibe coding工作流 #vibecoding #ai #claude #codex #工作流 #vibecoding大赏 @叫我LetterGen啦 1周前,2026-06-08,3855,,
douyin,推荐四个Vibe coding必装skills，让你少走十年 弯路！#vibecoding #skills #AI #vibecoding大赏,https://www.douyin.com/video/7649695349791067419,THINK AI,02:28 208 推荐四个Vibe coding必装skills，让你少走十年 弯路！#vibecoding #skills #AI #vibecoding大赏 @THINK AI 4天前,2026-06-11,208,,
douyin,用Codex开发简直不要太爽，分享vibecoding思路 #vibecoding大赏 #ai新星计划 #ai编程 #ai开发 @抖音科技,https://www.douyin.com/video/7649327258737315122,三立方,02:52 70 用Codex开发简直不要太爽，分享vibecoding思路 #vibecoding大赏 #ai新星计划 #ai编程 #ai开发 @抖音科技 @三立方 4天前,2026-06-11,70,,
douyin,codex生成6种风格教程，你做的视频有了风格就好看了 #codex #codex剪辑 #ai新星计划 #vibecoding #vibecoding大赏 @抖音科技,https://www.douyin.com/video/7650090609654790522,远方的AI船长,03:21 3959 codex生成6种风格教程，你做的视频有了风格就好看了 #codex #codex剪辑 #ai新星计划 #vibecoding #vibecoding大赏 @抖音科技 @远方的AI船长 3天前,2026-06-12,3959,,
douyin,VibeCoding大赏｜5分钟搞懂Vibe Coding 29天跟做Day1｜5分钟搞懂什么是Vibe Coding!｜别死磕语法了｜Define·Type·Judge三角色一次讲透 #vibecoding大赏 #ai新星计划 #ai编程 #vibecoding,https://www.douyin.com/video/7649322277259021574,AI产品寿哥,合集 07:40 185 VibeCoding大赏｜5分钟搞懂Vibe Coding 29天跟做Day1｜5分钟搞懂什么是Vibe Coding!｜别死磕语法了｜Define·Type·Judge三角色一次讲透 #vibecoding大赏 #ai新星计划 #ai编程 #vibecoding @AI产品寿哥 5天前,2026-06-10,185,,
douyin,适合小白上手的vibecoding案例，有趣又有用。 #我的第一个vibecoding作品 #人类对豆包的开发不足百分之一 #30秒能用豆包做什么,https://www.douyin.com/video/7649299618907376936,解忧代码,00:52 3419 适合小白上手的vibecoding案例，有趣又有用。 #我的第一个vibecoding作品 #人类对豆包的开发不足百分之一 #30秒能用豆包做什么 @解忧代码 5天前,2026-06-10,3419,,
douyin,花2天时间Vibe coding了新的作品集网站 用了Framer+Codex，不直接全AI做是希望网站还有一些我调整的自定义部分，接下来可能会把3d模型展示做一下再加一点动画！后面有机会出教程~#vibecoding #游戏设计留学 #作品集 #个人网站 #vibecoding大赏,https://www.douyin.com/video/7649695786113617206,紫薯冰粉,01:10 6116 花2天时间Vibe coding了新的作品集网站 用了Framer+Codex，不直接全AI做是希望网站还有一些我调整的自定义部分，接下来可能会把3d模型展示做一下再加一点动画！后面有机会出教程~#vibecoding #游戏设计留学 #作品集 #个人网站 #vibecoding大赏 @紫薯冰粉 4天前,2026-06-11,6116,,
douyin,vibecoding最佳实践，大佬都在用的极简工作流 #ai #vibecoding #ai教学 #工作流 #vibecoding大赏,https://www.douyin.com/video/7647175251755984997,Edward_ai,01:43 3030 vibecoding最佳实践，大佬都在用的极简工作流 #ai #vibecoding #ai教学 #工作流 #vibecoding大赏 @Edward_ai 1周前,2026-06-08,3030,,
douyin,Vibe Coding立项：前端骨架 在开始让AI写前端之前，记得先做这些哦。#vibecoing #前端开发 #cursor #codex,https://www.douyin.com/video/7647330309549100340,敲代码的小虾米,合集 09:40 5282 Vibe Coding立项：前端骨架 在开始让AI写前端之前，记得先做这些哦。#vibecoing #前端开发 #cursor #codex @敲代码的小虾米 1周前,2026-06-08,5282,,
douyin,3分钟让你少走三年Vibe Coding的弯路 都是 Vibe Coding，凭什么他能月入 175 万？我研究完发现逻辑很简单：先用 MVP 快速上线 → 用收费验证需求 → 用自媒体获得第一批用户 → 再用自动化把自己放大成一个团队。这期聊聊，普通人做 AI 产品到底差在哪,https://www.douyin.com/video/7648580179547213099,七彩缤纷马桶,02:31 6612 3分钟让你少走三年Vibe Coding的弯路 都是 Vibe Coding，凭什么他能月入 175 万？我研究完发现逻辑很简单：先用 MVP 快速上线 → 用收费验证需求 → 用自媒体获得第一批用户 → 再用自动化把自己放大成一个团队。这期聊聊，普通人做 AI 产品到底差在哪 @七彩缤纷马桶 1周前,2026-06-08,6612,,
douyin,「VibeCoding大赏」Opus4.8大战Qwen3.7 祖传BUG挑战赛，淘汰赛，#vibecoding大赏#ai新星计划 @抖音科技,https://www.douyin.com/video/7650934738990943522,Token就是词元,合集 10:07 1821 「VibeCoding大赏」Opus4.8大战Qwen3.7 祖传BUG挑战赛，淘汰赛，#vibecoding大赏#ai新星计划 @抖音科技 @Token就是词元 1天前,2026-06-14,1821,,
douyin,Vibe coding饶过谁？美女怎么了？一样中招！ #vibecoding #数字人 #ai编程 @洋芋酱AIgen 真人真事，绝对雷同,https://www.douyin.com/video/7649346843272416552,Aiwood爱屋研究室,合集 01:58 3130 Vibe coding饶过谁？美女怎么了？一样中招！ #vibecoding #数字人 #ai编程 @洋芋酱AIgen 真人真事，绝对雷同 @Aiwood爱屋研究室 5天前,2026-06-10,3130,,
douyin,别把 Vibe Coding 只理解成写代码 如果也想了解vibe coding相关问题，可以来我们免费交流群 大家一块对于热点ai话题进行学习和讨论,https://www.douyin.com/video/7650080702154722587,WayneW,03:19 19 别把 Vibe Coding 只理解成写代码 如果也想了解vibe coding相关问题，可以来我们免费交流群 大家一块对于热点ai话题进行学习和讨论 @WayneW 3天前,2026-06-12,19,,
douyin,Vibe Coding安全：后端安全闭坑指南 对于没有技术背景纯vibe coding的人来说，后端安全也是大问题，所以这期仍然是大量提示词来袭。#vibecoding #codex #cursor @抖音科技,https://www.douyin.com/video/7649574706168876323,敲代码的小虾米,合集 10:24 2996 Vibe Coding安全：后端安全闭坑指南 对于没有技术背景纯vibe coding的人来说，后端安全也是大问题，所以这期仍然是大量提示词来袭。#vibecoding #codex #cursor @抖音科技 @敲代码的小虾米 5天前,2026-06-10,2996,,
douyin,小白和开发都需要的 Vibe Coding 101 #vibecoding #氛围编程 #ai #aiagent,https://www.douyin.com/video/7649296974847619699,_trøı,03:36 443 小白和开发都需要的 Vibe Coding 101 #vibecoding #氛围编程 #ai #aiagent @_trøı 5天前,2026-06-10,443,,
douyin,我真的建议所有人都去试一下vibe coding#大学生 #编程 #干货分享,https://www.douyin.com/video/7649027076422506970,豪好豪,00:46 247 我真的建议所有人都去试一下vibe coding#大学生 #编程 #干货分享 @豪好豪 6天前,2026-06-09,247,,
douyin,烧了上百亿token才搞懂，Vibe Coding正确流程 #AI #VibeCoding #AI编程 #零基础学编程 #普通人学AI,https://www.douyin.com/video/7650125273970642186,以太Max,04:01 62 烧了上百亿token才搞懂，Vibe Coding正确流程 #AI #VibeCoding #AI编程 #零基础学编程 #普通人学AI @以太Max 3天前,2026-06-12,62,,
douyin,[VibeCoding大赏]一个想法如何变成正式产品？ [VibeCoding大赏]保姆级教程！一个想法如何变成正式产品？全程拆解，从构思->需求分析->难点解析->coding代码->发布上线。整整花了16个小时做的全流程保姆级教程，感谢大家的支持！如果你也有vibecoding的有趣项目，可以一起分享交流哦~ #vibecoding #ai新星计划 @抖音科技 #ai编程,https://www.douyin.com/video/7649329085390277915,AI趣玩实验室,合集 05:26 28 [VibeCoding大赏]一个想法如何变成正式产品？ [VibeCoding大赏]保姆级教程！一个想法如何变成正式产品？全程拆解，从构思->需求分析->难点解析->coding代码->发布上线。整整花了16个小时做的全流程保姆级教程，感谢大家的支持！如果你也有vibecoding的有趣项目，可以一起分享交流哦~ #vibecoding #ai新星计划 @抖音科技 #ai编程 @AI趣玩实验室 5天前,2026-06-10,28,,
douyin,Vibe Coding全流程分享：从需求洞察到产品开发 分享Vibe Coding从需求洞察到产品开发的完整流程～ #vibecoding大赏 #ai新星计划 @抖音科技 #知识避坑,https://www.douyin.com/video/7650032997295384675,Raylin的AI日记,合集 06:10 103 Vibe Coding全流程分享：从需求洞察到产品开发 分享Vibe Coding从需求洞察到产品开发的完整流程～ #vibecoding大赏 #ai新星计划 @抖音科技 #知识避坑 @Raylin的AI日记 3天前,2026-06-12,103,,
douyin,什么是vibe coding? #真实生活分享计划 #布布一二 #一二布布头像 #一二布布 #vibecoding,https://www.douyin.com/video/7649359162316428175,布布讲AI（目标1w粉）,合集 01:30 435 什么是vibe coding? #真实生活分享计划 #布布一二 #一二布布头像 #一二布布 #vibecoding @布布讲AI（目标1w粉） 5天前,2026-06-10,435,,
douyin,Vibe Coding｜学会 Vibe Coding 最简单的一个方法就是无脑的消耗token #VibeCoding #ai程序员 #ClaudeCode #Codex #一人公司,https://www.douyin.com/video/7650785887865063153,Arden✨,02:10 51 Vibe Coding｜学会 Vibe Coding 最简单的一个方法就是无脑的消耗token #VibeCoding #ai程序员 #ClaudeCode #Codex #一人公司 @Arden✨ 1天前,2026-06-14,51,,
douyin,我写代码的故事，你们问了很久，今天第一次聊。#TRAE #vibecoding大赏 #TRAEAI创造力大赛,https://www.douyin.com/video/7648498932527830449,胡彦斌,02:27 5.8万 我写代码的故事，你们问了很久，今天第一次聊。#TRAE #vibecoding大赏 #TRAEAI创造力大赛 @胡彦斌 1周前,2026-06-08,5.8万,,
douyin,VibeCoding大赏 | 70万用户的小程序是如何诞生的 养个石头，一款人与AI一起成功商业化的作品。#vibecoding大赏 #vibecoding #AI新星计划 #AI创作浪潮计划,https://www.douyin.com/video/7650863060231705299,张大丸,03:01 667 VibeCoding大赏 | 70万用户的小程序是如何诞生的 养个石头，一款人与AI一起成功商业化的作品。#vibecoding大赏 #vibecoding #AI新星计划 #AI创作浪潮计划 @张大丸 1天前,2026-06-14,667,,
douyin,VibeCoding大赏 豆包发布强大新功能 办公任务 和飞书丝滑打通，提供沙箱环境，低门槛易上手#vibecoding大赏 #ai新星计划并 并#豆包 @抖音科技 @豆包,https://www.douyin.com/video/7650560252051459391,易博有AI,合集 01:22 1254 VibeCoding大赏 豆包发布强大新功能 办公任务 和飞书丝滑打通，提供沙箱环境，低门槛易上手#vibecoding大赏 #ai新星计划并 并#豆包 @抖音科技 @豆包 @易博有AI 2天前,2026-06-13,1254,,
douyin,VibeCoding大赏 | 零代码做个打枪游戏 #vibecoding大赏#ai新星计划#科技科普#整活#Kimi,https://www.douyin.com/video/7651431710910909742,英雄哪里出来,08:22 282 VibeCoding大赏 | 零代码做个打枪游戏 #vibecoding大赏#ai新星计划#科技科普#整活#Kimi @英雄哪里出来 4小时前,2026-06-15,282,,
douyin,VibeCoding大赏 港大开源的个人交易智能体 VibeTrading！让我们一起看看它有多厉害吧！ @抖音科技 #vibecoding大赏 #ai新星计划 #金融交易 #智能体,https://www.douyin.com/video/7649790160191687936,龙虾 AI Claw,合集 01:00 1.5万 VibeCoding大赏 港大开源的个人交易智能体 VibeTrading！让我们一起看看它有多厉害吧！ @抖音科技 #vibecoding大赏 #ai新星计划 #金融交易 #智能体 @龙虾 AI Claw 4天前,2026-06-11,1.5万,,
douyin,小白的Codex安装喂饭教程，轻松免费用上codex #codex #AI #vibecoding #vibecoding大赏 #ai新星计划 @抖音科技,https://www.douyin.com/video/7651289295109508402,你虫子哥啊,06:25 7771 小白的Codex安装喂饭教程，轻松免费用上codex #codex #AI #vibecoding #vibecoding大赏 #ai新星计划 @抖音科技 @你虫子哥啊 13小时前,2026-06-15,7771,,
douyin,「VibeCoding大赏」codex制作个人作品集网站 自己搭建个人网站的一些心得，踩了不少坑，今天总结给大家！ #vibecoding #ai新星计划 #AI #vibecoding大赏 #设计,https://www.douyin.com/video/7648552705841040674,小羊同学,04:25 3.4万 「VibeCoding大赏」codex制作个人作品集网站 自己搭建个人网站的一些心得，踩了不少坑，今天总结给大家！ #vibecoding #ai新星计划 #AI #vibecoding大赏 #设计 @小羊同学 1周前,2026-06-08,3.4万,,
douyin,来看看豆包估值1万的DIY水晶应用长什么样 「VibeCoding大赏」我用了3个多月，做了一款DIY水晶手串小程序 #vibecoding大赏 #ai新星计划 @抖音科技 @抖音小助手 #水晶 #水晶DIY #礼物,https://www.douyin.com/video/7649699791882973178,滚滚有只小鸭子,03:31 1.8万 来看看豆包估值1万的DIY水晶应用长什么样 「VibeCoding大赏」我用了3个多月，做了一款DIY水晶手串小程序 #vibecoding大赏 #ai新星计划 @抖音科技 @抖音小助手 #水晶 #水晶DIY #礼物 @滚滚有只小鸭子 4天前,2026-06-11,1.8万,,
douyin,「VibeCoding大赏」为mimocode改善使用体验 #claudecode #AI #vibecoding大赏 #ai新星计划 #mimocode @抖音科技 多模态和旗舰推理你怎么选 答：一个都不能落下,https://www.douyin.com/video/7650893989637262644,嘻熙,00:39 1122 「VibeCoding大赏」为mimocode改善使用体验 #claudecode #AI #vibecoding大赏 #ai新星计划 #mimocode @抖音科技 多模态和旗舰推理你怎么选 答：一个都不能落下 @嘻熙 1天前,2026-06-14,1122,,
douyin,【VibeCoding大赏】GitHub AI增速Top10 #vibecoding大赏 #ai新星计划 🔥 GitHub AI 热榜 Vol.10｜本周增速最快 Top10 (06.07-06.13) 🏆 本期高光项目： 1️⃣ mvanhorn/last30days-skill：AI智能体跨平台信息研究技能，全网搜任意主题 🔍 2️⃣ chopratejas/headroom：Token压缩神器，节省60-95%推理成本 💰 3️⃣ leonxlnx/taste-skill：给AI注入品味的技能文件，二连霸榜 🎨 4️⃣ apple/container：苹果官方Mac轻量Linux容器工具，Apple Silicon专属 🍎 5️⃣ microsoft/markitdown：微软文档转Markdown神器，多周霸榜 📄 6️⃣ Panniantong/Agent-Reach：AI智能体全网搜索，零API费用 🌐 7️⃣ phuryn/pm-skills：100+产品经理AI技能工具箱 🛠️ 8️⃣ santifer/career-ops：基于Claude Code的AI求职系统 💼 9️⃣ lfnovo/open-notebook：开源版NotebookLM替代品 📚 🔟 refactoringhq/tolaria：Markdown知识库桌面管理应用 🗂️ 💡 趋势洞察：从跨平台研究到Token压缩，从品味注入到求职辅助，AI智能体正渗透到工作流的每个角落。 #github #ai,https://www.douyin.com/video/7650757121507626281,不露声色,02:38 496 【VibeCoding大赏】GitHub AI增速Top10 #vibecoding大赏 #ai新星计划 🔥 GitHub AI 热榜 Vol.10｜本周增速最快 Top10 (06.07-06.13) 🏆 本期高光项目： 1️⃣ mvanhorn/last30days-skill：AI智能体跨平台信息研究技能，全网搜任意主题 🔍 2️⃣ chopratejas/headroom：Token压缩神器，节省60-95%推理成本 💰 3️⃣ leonxlnx/taste-skill：给AI注入品味的技能文件，二连霸榜 🎨 4️⃣ apple/container：苹果官方Mac轻量Linux容器工具，Apple Silicon专属 🍎 5️⃣ microsoft/markitdown：,2026-06-14,496,,
douyin,多Agent无人值守跑了4天，14万行代码，用了什么编排？ #ai新星计划 #vibecoding大赏 #抖音前沿科技首发计划 #多Agent #独立开发者 这是Niuma的第一次大型实战，用自己重构了自己 @抖音科技,https://www.douyin.com/video/7650813418760359203,小天fotos,合集 09:04 2308 多Agent无人值守跑了4天，14万行代码，用了什么编排？ #ai新星计划 #vibecoding大赏 #抖音前沿科技首发计划 #多Agent #独立开发者 这是Niuma的第一次大型实战，用自己重构了自己 @抖音科技 @小天fotos 20小时前,2026-06-15,2308,,
douyin,vibecoding大赏：我做的产品第一天就被1500人下载 #vibecoding大赏 #ai新星计划 @抖音科技 #灵剪cliperX 灵剪 CliperX，你的Macbook灵动岛上的AI剪贴板,https://www.douyin.com/video/7650720195674367139,麦克斯,04:13 411 vibecoding大赏：我做的产品第一天就被1500人下载 #vibecoding大赏 #ai新星计划 @抖音科技 #灵剪cliperX 灵剪 CliperX，你的Macbook灵动岛上的AI剪贴板 @麦克斯 2天前,2026-06-13,411,,
douyin,用Codex开发一个APP：从0到1上架APP全攻略，Vibe Coding2.0新手实操教程 #vibecoding大赏 #ai新星计划 #codex #lala罐头 #aiagent,https://www.douyin.com/video/7651415364676439339,Lala罐头,07:35 127 用Codex开发一个APP：从0到1上架APP全攻略，Vibe Coding2.0新手实操教程 #vibecoding大赏 #ai新星计划 #codex #lala罐头 #aiagent @Lala罐头 2小时前,2026-06-15,127,,
douyin,【VibeCoding大赏】我做了个VibeCoding雷达 ：帮你找到第一个值得做的项目 #vibecoding大赏 #AI新星计划 #AI,https://www.douyin.com/video/7648352811847011610,晓白和林亦,01:49 1.6万 【VibeCoding大赏】我做了个VibeCoding雷达 ：帮你找到第一个值得做的项目 #vibecoding大赏 #AI新星计划 #AI @晓白和林亦 1周前,2026-06-08,1.6万,,
douyin,VibeCoding大赏 | 瓦学弟做了个打瓦 #vibecoding大赏 #ai新星计划#科技科普 #整活 #AI编程,https://www.douyin.com/video/7650709163172957474,英雄哪里出来,02:04 6.7万 VibeCoding大赏 | 瓦学弟做了个打瓦 #vibecoding大赏 #ai新星计划#科技科普 #整活 #AI编程 @英雄哪里出来 2天前,2026-06-13,6.7万,,
douyin,VibeCoding大赏 | 零代码做个打枪游戏 #vibecoding大赏 #ai新星计划 #科技科普 #整活 #Kimi,https://www.douyin.com/video/7651225303120907526,英雄哪里出来,08:35 1448 VibeCoding大赏 | 零代码做个打枪游戏 #vibecoding大赏 #ai新星计划 #科技科普 #整活 #Kimi @英雄哪里出来 17小时前,2026-06-15,1448,,
douyin,这是我搭建的第一个Harness_Engineer：Taor #vibecoding大赏 前后共花了3天，打磨了很多遍，终于做出来了一个我认为比较满意的AI Agent，这是我的一个尝试，它很轻量，一万三千七百行 TypeScript，但它五脏俱全，12个包。框架我已经搭好了，来玩吧，打造一套属于你个人的AI Agent！ 适合人群：想快速搭建 AI Agent 的 TypeScript 开发者、需要多模型切换的生产团队、想学习 Agent 架构的学生或研究者。希望它可以帮到你。 #AI #Agent #AI初学者 #Harness_Engineer,https://www.douyin.com/video/7651428870456986932,流浪z诗人,15:08 59 这是我搭建的第一个Harness_Engineer：Taor #vibecoding大赏 前后共花了3天，打磨了很多遍，终于做出来了一个我认为比较满意的AI Agent，这是我的一个尝试，它很轻量，一万三千七百行 TypeScript，但它五脏俱全，12个包。框架我已经搭好了，来玩吧，打造一套属于你个人的AI Agent！ 适合人群：想快速搭建 AI Agent 的 TypeScript 开发者、需要多模型切换的生产团队、想学习 Agent 架构的学生或研究者。希望它可以帮到你。 #AI #Agent #AI初学者 #Harness_Engineer @流浪z诗人 4小时前,2026-06-15,59,,
douyin,VibeCoding大赏 | 蒸馏任意自己喜欢的角色形象＆灵 #vibecoding大赏 #ai新星计划 @抖音科技 #乙游 #桌面游戏 来做一个任意自己喜欢的角色形象＆灵魂的桌面陪伴软件！,https://www.douyin.com/video/7651221465191409011,王山而要做100个AI,01:11 123 VibeCoding大赏 | 蒸馏任意自己喜欢的角色形象＆灵 #vibecoding大赏 #ai新星计划 @抖音科技 #乙游 #桌面游戏 来做一个任意自己喜欢的角色形象＆灵魂的桌面陪伴软件！ @王山而要做100个AI 17小时前,2026-06-15,123,,
douyin,Vibecoding大赏•Marble Heaerbeat 比起sd2.0和可灵差了很多啊，好在不用排队。Codex+Grok+Suno。 内容由AI生成 #vibecoding大赏 #AI新星计划 @抖音科技,https://www.douyin.com/video/7651416377546669925,未晓得,02:58 8 Vibecoding大赏•Marble Heaerbeat 比起sd2.0和可灵差了很多啊，好在不用排队。Codex+Grok+Suno。 内容由AI生成 #vibecoding大赏 #AI新星计划 @抖音科技 @未晓得 5小时前,2026-06-15,8,,
douyin,VibeCoding变现指南：从开发，获客到交付全链路讲解 #青年创作者成长计划 #vibecoding大赏 #Ai新星计划,https://www.douyin.com/video/7646665973897973043,柱子哥TzFilm,合集 08:11 4.0万 VibeCoding变现指南：从开发，获客到交付全链路讲解 #青年创作者成长计划 #vibecoding大赏 #Ai新星计划 @柱子哥TzFilm 1周前,2026-06-08,4.0万,,
douyin,6月15日 (1) #vibecoding大赏,https://www.douyin.com/video/7651459970168327467,唐宋無名氏,03:04 1 6月15日 (1) #vibecoding大赏 @唐宋無名氏 2小时前,2026-06-15,1,,
douyin,VibeCoding大赏|用codex五分钟制作手势交互！ #vibecoding大赏 #ai新星计划 @抖音科技 #vibecoding@希彼赫,https://www.douyin.com/video/7648964256485952795,千雪AI,合集 02:41 740 VibeCoding大赏|用codex五分钟制作手势交互！ #vibecoding大赏 #ai新星计划 @抖音科技 #vibecoding@希彼赫 @千雪AI 6天前,2026-06-09,740,,
douyin,网站部署上线来喽 「VibeCoding大赏」制作个人网站如何部署上线分享给你的好朋们，今天分享3个方法，精心整理，大家耐心看完哦~@抖音科技 #vibecoding #ai新星计划 #网站上线 #ai #github,https://www.douyin.com/video/7651155931337608475,小羊同学,04:06 322 网站部署上线来喽 「VibeCoding大赏」制作个人网站如何部署上线分享给你的好朋们，今天分享3个方法，精心整理，大家耐心看完哦~@抖音科技 #vibecoding #ai新星计划 #网站上线 #ai #github @小羊同学 19小时前,2026-06-15,322,,
douyin,「VibeCoding大赏」音乐不只是声音 #vibecoding #ai新星计划 #AI #vibecoding大赏 #设计,https://www.douyin.com/video/7651314835816221987,know634,09:54 3 「VibeCoding大赏」音乐不只是声音 #vibecoding #ai新星计划 #AI #vibecoding大赏 #设计 @know634 11小时前,2026-06-15,3,,
douyin,vibecoding大赏 | 聊聊Loop Engine与我 vibecoding大赏 | 最近好多人在聊Loop Engine：让模型持续执行「规划、行动、验证、反思」的闭环。 说起来还挺巧的，在这个概念火起来之前，我也做过类似方向的尝试——kodawari engine。它不是让AI无限往前跑，而是把需求文档拆成架构方案、任务图和任务卡，再由Planner、Reviewer、Executor协作完成开发。 而且每一轮都得留下证据：真实测试、规则门禁、评审结果，绝对不能假跑。其实我更关心的不是“AI能不能跑起来”，而是：AI能不能在边界、证据和责任链里，交付你真正想要的结果。 #vibecoding大赏 #ai #claude #gpt,https://www.douyin.com/video/7651178258108889573,啊肥肥肥,01:22 80 vibecoding大赏 | 聊聊Loop Engine与我 vibecoding大赏 | 最近好多人在聊Loop Engine：让模型持续执行「规划、行动、验证、反思」的闭环。 说起来还挺巧的，在这个概念火起来之前，我也做过类似方向的尝试——kodawari engine。它不是让AI无限往前跑，而是把需求文档拆成架构方案、任务图和任务卡，再由Planner、Reviewer、Executor协作完成开发。 而且每一轮都得留下证据：真实测试、规则门禁、评审结果，绝对不能假跑。其实我更关心的不是“AI能不能跑起来”，而是：AI能不能在边界、证据和责任链里，交付你真正想要的结果。 #vibecoding大赏 #ai #claude #gpt @啊肥肥肥 20小时前,2026-06-15,80,,
douyin,VibeCoding大赏 | 我做了个会自己进球的赛博足球！ 这不是世界杯来了，俺也想凑凑热闹！ 前段时间看到博主Max Imagination的创意esproll，我发现这不就是个足球嘛！假如我能让足球为我而动，那岂不是哈哈哈 于是我们受启发做了个可以自己进球的足球。初步效果不错！项目已在github开源，如果大家感兴趣后续我再换上更强的电机！ #vibecoding大赏 #ai新星计划 #手搓 #ai硬件 #世界杯,https://www.douyin.com/video/7651204304753233194,AI研究室-帆哥,03:10 953 VibeCoding大赏 | 我做了个会自己进球的赛博足球！ 这不是世界杯来了，俺也想凑凑热闹！ 前段时间看到博主Max Imagination的创意esproll，我发现这不就是个足球嘛！假如我能让足球为我而动，那岂不是哈哈哈 于是我们受启发做了个可以自己进球的足球。初步效果不错！项目已在github开源，如果大家感兴趣后续我再换上更强的电机！ #vibecoding大赏 #ai新星计划 #手搓 #ai硬件 #世界杯 @AI研究室-帆哥 19小时前,2026-06-15,953,,
douyin,vibecoding大赏 做了一个通过摄像头捕捉动作进行交互的悬浮相册网站ᔦ ° ꒳ ° ᔨ ̖́-#夏鸣星#vibecoding大赏#ai新星计划并@抖音科技,https://www.douyin.com/video/7650834230369034842,大小姐到ξ( ✿＞◡❛),00:47 672 vibecoding大赏 做了一个通过摄像头捕捉动作进行交互的悬浮相册网站ᔦ ° ꒳ ° ᔨ ̖́-#夏鸣星#vibecoding大赏#ai新星计划并@抖音科技 @大小姐到ξ( ✿＞◡❛) 1天前,2026-06-14,672,,
douyin,Vibe coding重度成瘾者都玩过哪些模型？ #vibecoding #AI编程 #恶搞 #数字人 #vibecoding大赏,https://www.douyin.com/video/7646496698071633171,Aiwood爱屋研究室,合集 03:01 3.1万 Vibe coding重度成瘾者都玩过哪些模型？ #vibecoding #AI编程 #恶搞 #数字人 #vibecoding大赏 @Aiwood爱屋研究室 1周前,2026-06-08,3.1万,,
douyin,#vibecoding大赏 #扣扣搜搜地花了很多钱 #开局一张嘴身份自己给,https://www.douyin.com/video/7650560288386731291,言若诺,05:17 22 #vibecoding大赏 #扣扣搜搜地花了很多钱 #开局一张嘴身份自己给 @言若诺 2天前,2026-06-13,22,,
douyin,手搓App跑出10万赞，Vibe Coding在抖音彻底爆了 #vibecoding大赏 #ai新星计划 #胡彦斌你要的token全拿走 #TRAEAI创造力大赛,https://www.douyin.com/video/7649964581602725158,产品君,合集 02:04 3528 手搓App跑出10万赞，Vibe Coding在抖音彻底爆了 #vibecoding大赏 #ai新星计划 #胡彦斌你要的token全拿走 #TRAEAI创造力大赛 @产品君 4天前,2026-06-11,3528,,
douyin,"Obsidian+AI v2.0已经更新,具体内容如下: #vibecoding大赏 先一句话总结，这次的改动进化成了：关窗口自动存经验，开窗口自动变聪明。v1.0是每周触发,而且思考的深度不够，v1.0 做了个周扫描系统，周日跑一次，聊胜于无，—但关窗口到扫描之间有七天真空期，而且只会数数：""这周犯了六个错。"" 现在 v2.0 做了三件事： 一，实时进化。 不靠每周日了。你关窗口，它立刻收割刚才的经验；你开新窗口，它立刻把漏掉的补上。上一个窗口的教训，下一个窗口秒级生效。 二，找根因。 不是""你犯了六个错""——是""这四个错看着不一样，根上都是你 Windows 上跑 R 语言的颜色渲染 bug，一条规则全防住。"" 三，不堆屎山。 发现新规则先检查有没有旧的能用，能合并就合并，能强化就强化，不重复造轮子。 装好之后你什么都不用管，正常聊天，正常关窗口。它自己收、自己想、自己进化。 #AI #vebcoding #skills #Obsidian",https://www.douyin.com/video/7651111552862473535,流浪z诗人,"01:10 1719 Obsidian+AI v2.0已经更新,具体内容如下: #vibecoding大赏 先一句话总结，这次的改动进化成了：关窗口自动存经验，开窗口自动变聪明。v1.0是每周触发,而且思考的深度不够，v1.0 做了个周扫描系统，周日跑一次，聊胜于无，—但关窗口到扫描之间有七天真空期，而且只会数数：""这周犯了六个错。"" 现在 v2.0 做了三件事： 一，实时进化。 不靠每周日了。你关窗口，它立刻收割刚才的经验；你开新窗口，它立刻把漏掉的补上。上一个窗口的教训，下一个窗口秒级生效。 二，找根因。 不是""你犯了六个错""——是""这四个错看着不一样，根上都是你 Windows 上跑 R 语言的颜色渲染 bug，一条规则全防住。"" 三，不堆屎山。 发现新规则先检查有没有旧的能用，能合并就合并，能强化就强化",2026-06-14,1719,,
douyin,看了27万个网站，AI筛选出167个能开发的方向 让 AI 帮我们调研小白vibecoding能做的方向，发现给教室排座位也有这么大营收？！ #ai新星计划 #vibecoding大赏 #agent #ai编程 #ai,https://www.douyin.com/video/7651472096157701860,西门聪明蛋XD,合集 05:18 102 看了27万个网站，AI筛选出167个能开发的方向 让 AI 帮我们调研小白vibecoding能做的方向，发现给教室排座位也有这么大营收？！ #ai新星计划 #vibecoding大赏 #agent #ai编程 #ai @西门聪明蛋XD 1小时前,2026-06-15,102,,
douyin,从写代码到直接写产品：为什么说Fable一夜做红警是模型的重大进步#跟傅盛学AI#AIGC#编程#程序员#红警 #vibecoding大赏,https://www.douyin.com/video/7650512389913201974,傅盛,05:58 1099 从写代码到直接写产品：为什么说Fable一夜做红警是模型的重大进步#跟傅盛学AI#AIGC#编程#程序员#红警 #vibecoding大赏 @傅盛 2天前,2026-06-13,1099,,
douyin,Vibecoding 大赏 广告跳过 #vibecoding大赏 @抖音科技 #上热搜,https://www.douyin.com/video/7650376839261730213,赛博爱迪生,00:23 891 Vibecoding 大赏 广告跳过 #vibecoding大赏 @抖音科技 #上热搜 @赛博爱迪生 3天前,2026-06-12,891,,
